num_neighbors,to_normalize,point,time,m_over_q,fcv1_in,gas_balzer_1,gas_balzer_2,gas_balzer_5,gas_balzer_6,gas_balzer_7,gas_name_1,gas_name_2,gas_name_5,gas_name_6,gas_name_7,inj_i,ext_i,mid_i,sext_i,inj_v,ext_v,mid_v,sext_v,inj_ps_v,ext_ps_v,mid_ps_v,sext_ps_v,inj_mbar,ext_mbar,bias_v,bias_i,k18_fw,k18_ref,g28_fw,glaser_1,batman_i,batman_field,x_ray_source,x_ray_exit,extraction_v,extraction_i,puller_v,puller_i,puller_raw_gap,bl_mig2_torr,robin_i,ht_oven_v,ht_oven_i,lt_oven_1_sp,lt_oven_2_sp,lt_oven_1_temp,lt_oven_2_temp,LHe_psi,LHe_level_percent,cryo_vac_torr,four_k_heater_power,four_k_cold_mass,four_k_cryo_e,four_k_cryo_w,four_k_cryo_ne,four_k_cryo_nw,four_k_heat_cond,four_k_i_feedthrough,four_k_heater_k,fifty_k_cond_bar,fifty_k_cond_bar_ne,fifty_k_cond_bar_nw,fifty_k_shield_bot,bottom_ln_vessel,seventy_k_cond_bar,gas_balzer_1_set,gas_balzer_2_set,gas_balzer_5_set,gas_balzer_6_set,gas_balzer_7_set,inj_i_set,ext_i_set,mid_i_set,sext_i_set,k18_fw_set,g28_req_set,glaser_1_set,batman_i_set,extraction_v_set,puller_v_set,robin_i_set,fcv1_i_normalized,Label,MSE,MAE,MAPE,N,Label,MSE,MAE,MAPE,N,Label,MSE,MAE,MAPE,N,Label,MSE,MAE,MAPE,N,Label,MSE,MAE,MAPE,N,Label,MSE,MAE,MAPE,N,Label,MSE,MAE,MAPE,N,Label,MSE,MAE,MAPE,N,Label,MSE,MAE,MAPE,N,Label,MSE,MAE,MAPE,N,Label,MSE,MAE,MAPE,N,Label,MSE,MAE,MAPE,N,Label,MSE,MAE,MAPE,N,Label,MSE,MAE,MAPE,N,Label,MSE,MAE,MAPE,N,Label,MSE,MAE,MAPE,N
3,1,0,0,0,0,0,0,0,0,0,0,0,0,0,0,0,0,0,0,0,0,0,0,0,0,0,0,1.0,0,1.0,1.0,0,0,0,0,0,0,0,0,0,1.0,0,0,0,0,0,0,0,0,0,0,0,0,0,0,0,0,0,0,0,0,0,0,0,0,0,0,0,0,0,0,0,0,0,0,0,0,0,0,0,0,0,0,0,0,0,0,agg,9.489588654298646e-09,6.002119581611707e-05,18.48504598802934,1378966,watch_data_00_processed,7.151514080344401e-09,6.513852534060848e-05,16.805046089921444,221760,watch_data_01_processed,3.862198026230107e-09,4.674102601003934e-05,14.41414914559955,49140,watch_data_03_processed,9.67396801860494e-09,6.106388479821803e-05,55.399492539517844,44520,watch_data_04_processed,1.7622467305157315e-08,7.81309482528357e-05,53.789374601139016,14576,watch_data_05_processed,1.0499306962239751e-08,8.800747157777778e-05,28.673678669762865,31500,watch_data_06_processed,2.2462511063406256e-08,9.939046004170031e-05,24.657618852947266,74340,watch_data_08a_processed,1.879189862535587e-09,3.0324178371325068e-05,10.978790213716048,103970,watch_data_08b_processed,2.8588086245048327e-09,3.221964518305662e-05,12.258599991547367,109620,watch_data_08c_processed,7.811639085684401e-10,2.0642523366013068e-05,6.277530703779359,171360,watch_data_08d_processed,1.0114908189556728e-09,2.366331766419505e-05,7.691329382439904,268380,watch_data_09_processed,9.536266038670395e-10,2.4682640917929682e-05,9.744632122283594,39060,watch_data_10a_processed,4.5154745806273726e-08,0.00018026034157552165,28.660007791235547,66780,watch_data_10_processed,2.3571385486166068e-08,0.0001417238440445067,32.082839711590374,21420,watch_data_11b_processed,3.138687299474492e-08,0.00013624225786477935,47.707711831388885,122220,watch_data_11_processed,7.792637747866184e-09,6.807942747189154e-05,15.644920933529537,40320
3,1,0,0,0,0,0,0,0,0,0,0,0,0,0,0,0,0,0,0,0,0,0,0,0,0,0,0,1.0,1.0,1.0,1.0,1.0,0,0,0,0,0,0,0,0,1.0,0,1.0,0,0,0,0,0,0,0,0,0,0,0,0,0,0,0,0,0,0,0,0,0,0,0,0,0,0,0,0,0,0,0,0,0,0,0,0,0,1.0,0,0,0,0,0,0,agg,1.0212044487349335e-08,6.235924908628663e-05,21.309487503774026,1378966,watch_data_00_processed,8.915438432342754e-09,6.755170733901515e-05,17.94132687549759,221760,watch_data_01_processed,4.057177493366494e-09,4.722950599850767e-05,15.035346914824904,49140,watch_data_03_processed,2.0843979769312884e-08,9.20656057296346e-05,88.10541396225715,44520,watch_data_04_processed,5.558427952862462e-08,0.00019066940042535675,163.44883903666462,14576,watch_data_05_processed,1.0495079903932876e-08,8.649736978835979e-05,28.672080941320043,31500,watch_data_06_processed,1.1115933463791094e-08,7.004716192224913e-05,17.834021621564105,74340,watch_data_08a_processed,2.971945780106598e-09,3.560044828187618e-05,13.597546653074485,103970,watch_data_08b_processed,2.783975550619907e-09,3.508820685367634e-05,14.451408584362865,109620,watch_data_08c_processed,9.822817640681543e-10,2.2549516716160914e-05,7.327648197737623,171360,watch_data_08d_processed,1.3779097263785335e-09,2.653483483630673e-05,9.240692179434225,268380,watch_data_09_processed,1.1149736533945137e-09,2.600860325023895e-05,9.861555024141566,39060,watch_data_10a_processed,5.081974953876681e-08,0.00018866688917939503,29.89039312922826,66780,watch_data_10_processed,2.2731316221065893e-08,0.00013965664884998445,31.575275194538037,21420,watch_data_11b_processed,2.9814389119853e-08,0.0001320825201399116,47.01813209812253,122220,watch_data_11_processed,7.194143514229143e-09,6.441802293402777e-05,14.780846639295309,40320
3,1,0,0,0,0,0,0,0,0,0,0,0,0,0,0,1.0,1.0,1.0,1.0,0,0,0,0,0,0,0,0,1.0,1.0,1.0,1.0,1.0,0,0,0,0,0,1.0,1.0,0,1.0,0,1.0,0,0,0,0,0,0,0,0,0,0,0,0,0,0,0,0,0,0,0,0,0,0,0,0,0,0,0,0,0,0,0,0,0,0,0,0,0,1.0,0,0,0,0,0,0,agg,9.19915787100057e-09,6.131166936143169e-05,19.676483884208185,1378966,watch_data_00_processed,6.22048097647046e-09,6.0365642331499515e-05,16.015558512700665,221760,watch_data_01_processed,7.153523755794997e-09,7.045299439424773e-05,25.108482977414333,49140,watch_data_03_processed,8.776912863367127e-09,6.819280212226714e-05,36.00058272923668,44520,watch_data_04_processed,2.325042188783057e-09,3.8513890619282833e-05,35.644750879211905,14576,watch_data_05_processed,8.735041838277465e-09,6.88949519925926e-05,23.32593448365567,31500,watch_data_06_processed,4.269465767915924e-09,5.102022326338445e-05,13.714961305267304,74340,watch_data_08a_processed,1.2252501112472078e-09,2.622481555673111e-05,10.847025333544744,103970,watch_data_08b_processed,2.0116453019583955e-09,3.310095837651279e-05,14.797090272297057,109620,watch_data_08c_processed,8.620096822261097e-10,2.2239073303548085e-05,7.531227954469009,171360,watch_data_08d_processed,1.3456356376579567e-09,2.534096757069206e-05,8.971134559014347,268380,watch_data_09_processed,1.2134962799694119e-09,2.565666166635091e-05,10.616957988325938,39060,watch_data_10a_processed,4.8625565647367553e-08,0.00018825374915443745,28.6624604708547,66780,watch_data_10_processed,1.7863928988860988e-08,0.00011885705477279801,26.068748433114685,21420,watch_data_11b_processed,3.5177755576910954e-08,0.00015874933981263297,64.01059769454183,122220,watch_data_11_processed,2.7373945126504718e-08,0.00014009403403852512,32.55278445582361,40320
3,1,0,0,0,0,0,0,0,0,0,0,0,0,0,0,1.0,0,0,0,0,0,0,0,0,0,0,0,1.0,0,1.0,1.0,0,0,0,0,0,0,0,0,0,1.0,0,0,0,0,0,0,0,0,0,0,0,0,0,0,0,0,0,0,0,0,0,0,0,0,0,0,0,0,0,0,0,0,0,0,0,0,0,0,0,0,0,0,0,0,0,0,agg,9.490139392479594e-09,6.0059038159800666e-05,18.521686790284782,1378966,watch_data_00_processed,7.152049968967693e-09,6.514170473695287e-05,16.806303073858533,221760,watch_data_01_processed,3.86343406873225e-09,4.675482904694072e-05,14.44133424347359,49140,watch_data_03_processed,9.673915537457255e-09,6.106272157943996e-05,55.396536545300535,44520,watch_data_04_processed,1.7626676064463177e-08,7.815164906238567e-05,53.79921167128321,14576,watch_data_05_processed,1.0500739866523374e-08,8.800878124761905e-05,28.67546223467145,31500,watch_data_06_processed,2.2463371109633145e-08,9.939599943054434e-05,24.65949947542889,74340,watch_data_08a_processed,1.8813496605674348e-09,3.0385668902568044e-05,11.06408684550349,103970,watch_data_08b_processed,2.861336255110878e-09,3.229301805601167e-05,12.340796284330716,109620,watch_data_08c_processed,7.852850889113958e-10,2.0713387907524125e-05,6.335618999834108,171360,watch_data_08d_processed,1.0146359423030082e-09,2.374084010786944e-05,7.755423698032791,268380,watch_data_09_processed,9.577090894157148e-10,2.480053823402458e-05,9.843230974443923,39060,watch_data_10a_processed,4.512585927905101e-08,0.0001802307876077668,28.6570857894266,66780,watch_data_10_processed,2.3571610490156704e-08,0.00014172385265950825,32.08208084010874,21420,watch_data_11b_processed,3.138764705660636e-08,0.00013623967362324773,47.707240530307764,122220,watch_data_11_processed,7.793382215640655e-09,6.808924989252646e-05,15.647089840321643,40320
3,1,0,0,0,0,0,0,0,0,0,0,0,0,0,0,0,1.0,0,0,0,0,0,0,0,0,0,0,1.0,0,1.0,1.0,0,0,0,0,0,0,0,0,0,1.0,0,0,0,0,0,0,0,0,0,0,0,0,0,0,0,0,0,0,0,0,0,0,0,0,0,0,0,0,0,0,0,0,0,0,0,0,0,0,0,0,0,0,0,0,0,0,agg,9.4910422649528e-09,6.006064731182712e-05,18.521983272367237,1378966,watch_data_00_processed,7.1526819182664904e-09,6.514034456033551e-05,16.80488629531222,221760,watch_data_01_processed,3.865336475334655e-09,4.674972681590015e-05,14.433991565485465,49140,watch_data_03_processed,9.6791916148564e-09,6.108077715371367e-05,55.40585815911334,44520,watch_data_04_processed,1.7628362640520842e-08,7.815604007500915e-05,53.814127453282076,14576,watch_data_05_processed,1.050260157919558e-08,8.800687412275133e-05,28.67217036309967,31500,watch_data_06_processed,2.2463049292292806e-08,9.938846016366246e-05,24.65692028526906,74340,watch_data_08a_processed,1.8817848600885346e-09,3.0392203925491324e-05,11.06224398032887,103970,watch_data_08b_processed,2.8617779349649648e-09,3.230297450221979e-05,12.344010324822142,109620,watch_data_08c_processed,7.830838374853323e-10,2.069423877781668e-05,6.325053895576562,171360,watch_data_08d_processed,1.0150784712623247e-09,2.3745511058759968e-05,7.7605900986563086,268380,watch_data_09_processed,9.611135340457176e-10,2.4860026080926778e-05,9.867062658495676,39060,watch_data_10a_processed,4.5139263997029227e-08,0.00018024829377278625,28.6614484542431,66780,watch_data_10_processed,2.357094781126834e-08,0.0001417200456598195,32.0803402216871,21420,watch_data_11b_processed,3.138707036640071e-08,0.00013623870907298317,47.706604614041645,122220,watch_data_11_processed,7.791857399836354e-09,6.807654497354497e-05,15.644679662261424,40320
3,1,0,0,0,0,0,0,0,0,0,0,0,0,0,0,0,0,1.0,0,0,0,0,0,0,0,0,0,1.0,0,1.0,1.0,0,0,0,0,0,0,0,0,0,1.0,0,0,0,0,0,0,0,0,0,0,0,0,0,0,0,0,0,0,0,0,0,0,0,0,0,0,0,0,0,0,0,0,0,0,0,0,0,0,0,0,0,0,0,0,0,0,agg,9.490727327622475e-09,6.00620996177578e-05,18.523997358563772,1378966,watch_data_00_processed,7.152147770820791e-09,6.514501638227513e-05,16.806811037427057,221760,watch_data_01_processed,3.860211660391771e-09,4.6755904008275676e-05,14.443486412297002,49140,watch_data_03_processed,9.675765734465302e-09,6.107017005877508e-05,55.39688175109478,44520,watch_data_04_processed,1.7620066370324786e-08,7.812597469584705e-05,53.81639214778387,14576,watch_data_05_processed,1.049588827078097e-08,8.798380715555556e-05,28.664687295867637,31500,watch_data_06_processed,2.2463060826351152e-08,9.939469564971752e-05,24.658548199998744,74340,watch_data_08a_processed,1.881457000032549e-09,3.0387129387323273e-05,11.068109753298403,103970,watch_data_08b_processed,2.8614370275298164e-09,3.230534051876178e-05,12.34871143438,109620,watch_data_08c_processed,7.858559078395334e-10,2.0711045927287583e-05,6.3336453214675,171360,watch_data_08d_processed,1.014843215494973e-09,2.374079609850461e-05,7.758595218246994,268380,watch_data_09_processed,9.593339903279277e-10,2.4839505658499746e-05,9.862340239201199,39060,watch_data_10a_processed,4.513782111052359e-08,0.00018023631493481083,28.65900546214224,66780,watch_data_10_processed,2.3571868391139432e-08,0.00014172399569249922,32.08208774672251,21420,watch_data_11b_processed,3.13881776769538e-08,0.00013624963819805816,47.710344920343886,122220,watch_data_11_processed,7.794100478893571e-09,6.809319443617724e-05,15.648554995667721,40320
3,1,0,0,0,0,0,0,0,0,0,0,0,0,0,0,0,0,0,1.0,0,0,0,0,0,0,0,0,1.0,0,1.0,1.0,0,0,0,0,0,0,0,0,0,1.0,0,0,0,0,0,0,0,0,0,0,0,0,0,0,0,0,0,0,0,0,0,0,0,0,0,0,0,0,0,0,0,0,0,0,0,0,0,0,0,0,0,0,0,0,0,0,agg,9.490904107903383e-09,6.007215185262073e-05,18.5345720201986,1378966,watch_data_00_processed,7.149591223254144e-09,6.512964331709956e-05,16.80171146368706,221760,watch_data_01_processed,3.860998094759899e-09,4.6715687946682946e-05,14.427187529335358,49140,watch_data_03_processed,9.675407227572196e-09,6.105190862571129e-05,55.39701346512338,44520,watch_data_04_processed,1.7623427997450423e-08,7.814268621020855e-05,53.82259783865639,14576,watch_data_05_processed,1.0495208850057001e-08,8.798897892169314e-05,28.665671678750314,31500,watch_data_06_processed,2.2462675959811314e-08,9.94021248937315e-05,24.66388696968912,74340,watch_data_08a_processed,1.8813815604087715e-09,3.040635388541566e-05,11.096111473889355,103970,watch_data_08b_processed,2.861761530345045e-09,3.2324650458857875e-05,12.378859702020337,109620,watch_data_08c_processed,7.851038368885864e-10,2.0732662358387797e-05,6.349263299289956,171360,watch_data_08d_processed,1.0163213690449581e-09,2.3774822091127008e-05,7.781092710292035,268380,watch_data_09_processed,9.620692044715694e-10,2.491530895769756e-05,9.90718327528068,39060,watch_data_10a_processed,4.514629892627809e-08,0.00018024249370340425,28.66096225416806,66780,watch_data_10_processed,2.35749564356468e-08,0.0001417338826065982,32.084202459150355,21420,watch_data_11b_processed,3.1386083687376565e-08,0.0001362375562911144,47.703426432555155,122220,watch_data_11_processed,7.794355388650074e-09,6.809421163194445e-05,15.647993697856636,40320
3,1,0,0,0,0,0,0,0,0,0,0,0,0,0,0,0,0,0,0,0,0,0,0,0,0,0,0,1.0,0,1.0,1.0,0,0,0,0,0,0,1.0,0,0,1.0,0,0,0,0,0,0,0,0,0,0,0,0,0,0,0,0,0,0,0,0,0,0,0,0,0,0,0,0,0,0,0,0,0,0,0,0,0,0,0,0,0,0,0,0,0,0,agg,8.718313421947816e-09,5.735272784763826e-05,17.69162974037235,1378966,watch_data_00_processed,5.227409854007601e-09,5.509060822916666e-05,14.581334576032248,221760,watch_data_01_processed,7.125532016162742e-09,7.101053531135531e-05,25.184209698989967,49140,watch_data_03_processed,6.506056170921686e-09,5.885997156671159e-05,25.686099071295626,44520,watch_data_04_processed,1.678861848482862e-09,2.9875647244328576e-05,25.72460781245191,14576,watch_data_05_processed,9.41072734846336e-09,7.38987614e-05,23.83353194343917,31500,watch_data_06_processed,3.852513873387611e-09,4.9331511259079905e-05,13.432085740703887,74340,watch_data_08a_processed,7.300085909635441e-10,2.0515935322048032e-05,8.469318571572195,103970,watch_data_08b_processed,1.2823689779750916e-09,2.267329860244481e-05,9.621858128728574,109620,watch_data_08c_processed,6.450623817946873e-10,1.8749187551742918e-05,6.173144675770638,171360,watch_data_08d_processed,1.2385990988979743e-09,2.3000254305037633e-05,8.071130231603703,268380,watch_data_09_processed,7.532971539218117e-10,2.0298957908883766e-05,9.319074912601396,39060,watch_data_10a_processed,5.191980795466698e-08,0.00019419566532628534,29.465763701541466,66780,watch_data_10_processed,2.022303436991107e-08,0.0001284328241425459,28.792887574548047,21420,watch_data_11b_processed,3.459496279414442e-08,0.00015593070556019198,60.86462407603016,122220,watch_data_11_processed,1.9803981211066972e-08,0.00011795084952794312,27.545501895152746,40320
3,1,0,0,0,0,0,0,0,0,0,0,0,0,0,0,0,0,0,0,0,0,0,0,0,0,0,0,1.0,0,1.0,1.0,0,0,0,0,0,0,0,1.0,0,1.0,0,0,0,0,0,0,0,0,0,0,0,0,0,0,0,0,0,0,0,0,0,0,0,0,0,0,0,0,0,0,0,0,0,0,0,0,0,0,0,0,0,0,0,0,0,0,agg,7.673728340134018e-09,5.302403984971906e-05,15.510454807641583,1378966,watch_data_00_processed,5.253566618274279e-09,5.526659127735691e-05,14.71406909277711,221760,watch_data_01_processed,3.1455572831222436e-09,4.355010551214218e-05,13.001429856236395,49140,watch_data_03_processed,2.828789504129521e-09,3.6712528564315665e-05,19.94448637407705,44520,watch_data_04_processed,1.840569335157766e-09,3.018740986324552e-05,24.875514851645914,14576,watch_data_05_processed,8.552292362556708e-09,7.631770876402117e-05,23.87755140399005,31500,watch_data_06_processed,4.466382781717207e-09,4.963536299897768e-05,13.298375543426916,74340,watch_data_08a_processed,1.6745841473930759e-09,2.8438551496264947e-05,10.166886068134898,103970,watch_data_08b_processed,1.7558528100192836e-09,2.6603526331873744e-05,10.416255878994145,109620,watch_data_08c_processed,7.524784204877544e-10,2.023523619203237e-05,6.240764597227415,171360,watch_data_08d_processed,8.57956245749174e-10,2.2158616847725866e-05,7.186630966711922,268380,watch_data_09_processed,9.241977866563759e-10,2.389925270577744e-05,8.990036048572023,39060,watch_data_10a_processed,4.7595665333399626e-08,0.00018391187393730662,29.187312399495852,66780,watch_data_10_processed,2.18941704274093e-08,0.00013473881368502956,30.02287883182227,21420,watch_data_11b_processed,3.1012372452435594e-08,0.00013470517427507773,46.95249839102319,122220,watch_data_11_processed,7.648408158305837e-09,6.700487448743385e-05,15.285192260382669,40320
3,1,0,0,0,0,0,0,0,0,0,0,0,0,0,0,0,0,0,0,0,0,0,0,0,0,0,0,1.0,1.0,1.0,1.0,0,0,0,0,0,0,0,0,0,1.0,0,0,0,0,0,0,0,0,0,0,0,0,0,0,0,0,0,0,0,0,0,0,0,0,0,0,0,0,0,0,0,0,0,0,0,0,0,0,0,0,0,0,0,0,0,0,agg,9.489335981642941e-09,6.00207024486712e-05,18.48484471146885,1378966,watch_data_00_processed,7.151522279008739e-09,6.51387270436508e-05,16.80509397207221,221760,watch_data_01_processed,3.86194037211776e-09,4.673889896011396e-05,14.413557534692073,49140,watch_data_03_processed,9.673937305845471e-09,6.106391981469003e-05,55.39916438846543,44520,watch_data_04_processed,1.762247162893444e-08,7.813077033479693e-05,53.78927748212756,14576,watch_data_05_processed,1.0499418425460475e-08,8.800915224444445e-05,28.674208816093245,31500,watch_data_06_processed,2.2462473561116964e-08,9.939011378127522e-05,24.65746246068219,74340,watch_data_08a_processed,1.879325025937925e-09,3.0326042625116216e-05,10.980305386558216,103970,watch_data_08b_processed,2.858352385350732e-09,3.220838569026333e-05,12.250979613960181,109620,watch_data_08c_processed,7.812849942371196e-10,2.064629016923436e-05,6.28064922225884,171360,watch_data_08d_processed,1.0113406654005404e-09,2.3660657618488704e-05,7.689723097965438,268380,watch_data_09_processed,9.536635978424509e-10,2.468661387150538e-05,9.749776482412525,39060,watch_data_10a_processed,4.515065382092901e-08,0.00018026558798163122,28.66194026333777,66780,watch_data_10_processed,2.3570944286231357e-08,0.00014172246620136944,32.08260473716603,21420,watch_data_11b_processed,3.1386876811189374e-08,0.00013624215142284406,47.70772811800425,122220,watch_data_11_processed,7.792620583799071e-09,6.807940609292328e-05,15.644906631535422,40320
3,1,0,0,0,0,0,0,0,0,0,0,0,0,0,0,0,0,0,0,0,0,0,0,0,0,0,0,1.0,0,1.0,1.0,1.0,0,0,0,0,0,0,0,0,1.0,0,0,0,0,0,0,0,0,0,0,0,0,0,0,0,0,0,0,0,0,0,0,0,0,0,0,0,0,0,0,0,0,0,0,0,0,0,0,0,0,0,0,0,0,0,0,agg,1.0286275693598843e-08,6.264037160432454e-05,21.377623118986982,1378966,watch_data_00_processed,8.914113885500106e-09,6.755274802925084e-05,17.94048425888348,221760,watch_data_01_processed,4.056640228230626e-09,4.719830380477547e-05,15.008133539982143,49140,watch_data_03_processed,2.084988660947825e-08,9.207472782831688e-05,88.13918679226077,44520,watch_data_04_processed,5.560023316713649e-08,0.00019072799925219538,163.48307051642752,14576,watch_data_05_processed,1.0490573680499714e-08,8.646837703703703e-05,28.6589323546653,31500,watch_data_06_processed,1.1123449322043102e-08,7.007270851807013e-05,17.84112187680283,74340,watch_data_08a_processed,3.6068596708251702e-09,3.830333151518065e-05,14.405468547805059,103970,watch_data_08b_processed,3.03466076069042e-09,3.600911398315393e-05,14.677274019826916,109620,watch_data_08c_processed,9.772013159731162e-10,2.247151974117647e-05,7.2682807014129365,171360,watch_data_08d_processed,1.379103135260443e-09,2.6519455384194056e-05,9.21538749860759,268380,watch_data_09_processed,1.1154782283655829e-09,2.6017308830542755e-05,9.851673209885577,39060,watch_data_10a_processed,5.0815830007763436e-08,0.0001886457650499151,29.883075970787814,66780,watch_data_10_processed,2.322135341649877e-08,0.0001409725389542484,31.80957160641002,21420,watch_data_11b_processed,2.9799173737608364e-08,0.00013202181073064965,46.99295782873653,122220,watch_data_11_processed,7.204892524346711e-09,6.448110401041666e-05,14.793319686903239,40320
3,1,0,0,0,0,0,0,0,0,0,0,0,0,0,0,0,0,0,0,0,0,0,0,0,0,0,0,1.0,0,1.0,1.0,0,0,0,0,0,0,0,0,0,1.0,0,0,0,0,0,0,0,0,0,0,0,0,0,0,0,0,0,0,0,0,0,0,0,0,0,0,0,0,0,0,0,0,0,0,0,0,0,0,0,1.0,0,0,0,0,0,0,agg,9.489588654298646e-09,6.002119581611707e-05,18.48504598802934,1378966,watch_data_00_processed,7.151514080344401e-09,6.513852534060848e-05,16.805046089921444,221760,watch_data_01_processed,3.862198026230107e-09,4.674102601003934e-05,14.41414914559955,49140,watch_data_03_processed,9.67396801860494e-09,6.106388479821803e-05,55.399492539517844,44520,watch_data_04_processed,1.7622467305157315e-08,7.81309482528357e-05,53.789374601139016,14576,watch_data_05_processed,1.0499306962239751e-08,8.800747157777778e-05,28.673678669762865,31500,watch_data_06_processed,2.2462511063406256e-08,9.939046004170031e-05,24.657618852947266,74340,watch_data_08a_processed,1.879189862535587e-09,3.0324178371325068e-05,10.978790213716048,103970,watch_data_08b_processed,2.8588086245048327e-09,3.221964518305662e-05,12.258599991547367,109620,watch_data_08c_processed,7.811639085684401e-10,2.0642523366013068e-05,6.277530703779359,171360,watch_data_08d_processed,1.0114908189556728e-09,2.366331766419505e-05,7.691329382439904,268380,watch_data_09_processed,9.536266038670395e-10,2.4682640917929682e-05,9.744632122283594,39060,watch_data_10a_processed,4.5154745806273726e-08,0.00018026034157552165,28.660007791235547,66780,watch_data_10_processed,2.3571385486166068e-08,0.0001417238440445067,32.082839711590374,21420,watch_data_11b_processed,3.138687299474492e-08,0.00013624225786477935,47.707711831388885,122220,watch_data_11_processed,7.792637747866184e-09,6.807942747189154e-05,15.644920933529537,40320
3,1,0,0,0,0,0,0,0,0,0,0,0,0,0,0,0,0,0,0,0,0,0,0,0,0,0,0,1.0,0,1.0,1.0,0,0,0,0,0,0,0,0,0,1.0,0,1.0,0,0,0,0,0,0,0,0,0,0,0,0,0,0,0,0,0,0,0,0,0,0,0,0,0,0,0,0,0,0,0,0,0,0,0,0,0,0,0,0,0,0,0,0,agg,9.338233135717054e-09,5.948917557767559e-05,18.43789552089925,1378966,watch_data_00_processed,7.144944834167337e-09,6.502558202576358e-05,16.7917673735106,221760,watch_data_01_processed,3.914653638473011e-09,4.706386361416362e-05,14.55614969510739,49140,watch_data_03_processed,9.630148422011379e-09,6.11332354256514e-05,55.317445874902695,44520,watch_data_04_processed,1.761993338256109e-08,7.819753692142335e-05,53.88991803682761,14576,watch_data_05_processed,1.0446961852928836e-08,8.758655242751322e-05,28.59154279609875,31500,watch_data_06_processed,2.2438284099725546e-08,9.927799946282845e-05,24.614270066426812,74340,watch_data_08a_processed,1.302930277902526e-09,2.7210333631175653e-05,10.262584588215057,103970,watch_data_08b_processed,1.4962601399823517e-09,2.612086261053336e-05,10.71345551542059,109620,watch_data_08c_processed,8.100494153710023e-10,2.1116382495915037e-05,6.615664391218151,171360,watch_data_08d_processed,1.0461247986834167e-09,2.4416018167377102e-05,8.12561081015347,268380,watch_data_09_processed,9.958780514797834e-10,2.552457868290664e-05,9.933915394952853,39060,watch_data_10a_processed,4.5166341746469346e-08,0.00018030302158350805,28.6707354915058,66780,watch_data_10_processed,2.280284735037399e-08,0.00013971162196856518,31.744467530392946,21420,watch_data_11b_processed,3.143301577438752e-08,0.00013638071126575028,47.77807241240274,122220,watch_data_11_processed,7.768626919567967e-09,6.789673698743386e-05,15.615932214647046,40320
3,1,0,0,0,0,0,0,0,0,0,0,0,0,0,0,1.0,0,0,0,0,0,0,0,0,0,0,0,1.0,0,1.0,1.0,0,0,0,0,0,0,0,1.0,0,1.0,0,0,0,0,0,0,0,0,0,0,0,0,0,0,0,0,0,0,0,0,0,0,0,0,0,0,0,0,0,0,0,0,0,0,0,0,0,0,0,0,0,0,0,0,0,0,agg,7.673808943955718e-09,5.3056014739648644e-05,15.543388911861769,1378966,watch_data_00_processed,5.253874455411026e-09,5.527017371663057e-05,14.715668857966746,221760,watch_data_01_processed,3.147593402624244e-09,4.35766840306607e-05,13.031024965005525,49140,watch_data_03_processed,2.8287557318017014e-09,3.670764544586702e-05,19.940610204250234,44520,watch_data_04_processed,1.8407486519148965e-09,3.018976260062203e-05,24.873880601549562,14576,watch_data_05_processed,8.551571227232142e-09,7.631021184126985e-05,23.87468701628485,31500,watch_data_06_processed,4.466993019324286e-09,4.9646981526463986e-05,13.30422722259087,74340,watch_data_08a_processed,1.6766514820546657e-09,2.849121568753808e-05,10.238410992859242,103970,watch_data_08b_processed,1.7585050152217522e-09,2.668628806209329e-05,10.512394985066424,109620,watch_data_08c_processed,7.547719601131329e-10,2.029266520152506e-05,6.292031042748864,171360,watch_data_08d_processed,8.602778648463421e-10,2.221571238167027e-05,7.237843133438942,268380,watch_data_09_processed,9.284078795373637e-10,2.3996993694000682e-05,9.067964471047715,39060,watch_data_10a_processed,4.7567243346368765e-08,0.00018387606798692222,29.183268392215084,66780,watch_data_10_processed,2.1894212203334705e-08,0.000134738646162465,30.022699299091926,21420,watch_data_11b_processed,3.101318551841213e-08,0.00013470709867097582,46.95354471504476,122220,watch_data_11_processed,7.649167168109054e-09,6.700926154927248e-05,15.28655953548112,40320
3,1,0,0,0,0,0,0,0,0,0,0,0,0,0,0,0,1.0,0,0,0,0,0,0,0,0,0,0,1.0,0,1.0,1.0,0,0,0,0,0,0,0,1.0,0,1.0,0,0,0,0,0,0,0,0,0,0,0,0,0,0,0,0,0,0,0,0,0,0,0,0,0,0,0,0,0,0,0,0,0,0,0,0,0,0,0,0,0,0,0,0,0,0,agg,7.673766153886835e-09,5.305926452932197e-05,15.546297668062945,1378966,watch_data_00_processed,5.253686142968432e-09,5.5266258766384096e-05,14.713995954981154,221760,watch_data_01_processed,3.145525684235088e-09,4.3562504323022655e-05,13.019902018258186,49140,watch_data_03_processed,2.8280712778367577e-09,3.67053535515873e-05,19.941244860632544,44520,watch_data_04_processed,1.8443950002311523e-09,3.0207807914837177e-05,24.896065430284622,14576,watch_data_05_processed,8.551065875770652e-09,7.629983853862433e-05,23.867795297879976,31500,watch_data_06_processed,4.466456515605941e-09,4.963989394687472e-05,13.301345304458923,74340,watch_data_08a_processed,1.6763743911918217e-09,2.8493701315764163e-05,10.237544750670914,103970,watch_data_08b_processed,1.7590974567204275e-09,2.6704853177643982e-05,10.525823121384212,109620,watch_data_08c_processed,7.547445048380746e-10,2.0295112097922502e-05,6.2950536759313325,171360,watch_data_08d_processed,8.604175997309732e-10,2.2224499811309832e-05,7.246798919873373,268380,watch_data_09_processed,9.29542793842839e-10,2.4028154279424815e-05,9.08574992799267,39060,watch_data_10a_processed,4.7569882378586045e-08,0.00018388663520015974,29.185143000013085,66780,watch_data_10_processed,2.189486271421914e-08,0.000134741424178338,30.023518153010865,21420,watch_data_11b_processed,3.101194465096078e-08,0.0001347059871753123,46.952934133360145,122220,watch_data_11_processed,7.64831686339041e-09,6.700482944775131e-05,15.285123725166963,40320
3,1,0,0,0,0,0,0,0,0,0,0,0,0,0,0,0,0,1.0,0,0,0,0,0,0,0,0,0,1.0,0,1.0,1.0,0,0,0,0,0,0,0,1.0,0,1.0,0,0,0,0,0,0,0,0,0,0,0,0,0,0,0,0,0,0,0,0,0,0,0,0,0,0,0,0,0,0,0,0,0,0,0,0,0,0,0,0,0,0,0,0,0,0,agg,7.674756902187353e-09,5.305710191532956e-05,15.544688245461321,1378966,watch_data_00_processed,5.2532988722466074e-09,5.526355822585978e-05,14.71301771480168,221760,watch_data_01_processed,3.144933325777847e-09,4.356386960453128e-05,13.021183093457028,49140,watch_data_03_processed,2.8282399051449225e-09,3.67010193287661e-05,19.9392474645629,44520,watch_data_04_processed,1.8397595197468997e-09,3.018975244237102e-05,24.894519687703685,14576,watch_data_05_processed,8.55111124289114e-09,7.631423772698412e-05,23.87746696021498,31500,watch_data_06_processed,4.4663920560865705e-09,4.9634948507003855e-05,13.29824811648833,74340,watch_data_08a_processed,1.6766444740680012e-09,2.8497919742553946e-05,10.24271073813856,103970,watch_data_08b_processed,1.7587077234590005e-09,2.669026449705041e-05,10.517363426961978,109620,watch_data_08c_processed,7.551891541405245e-10,2.0295988654295053e-05,6.29483520027695,171360,watch_data_08d_processed,8.601687284735188e-10,2.2215765783314703e-05,7.239759477113654,268380,watch_data_09_processed,9.293450700712903e-10,2.4024277433546682e-05,9.09065892103483,39060,watch_data_10a_processed,4.759271598160578e-08,0.00018390672342966956,29.18629136226178,66780,watch_data_10_processed,2.1894498658460445e-08,0.00013474026183162152,30.023614951932398,21420,watch_data_11b_processed,3.101218771447025e-08,0.00013470626041482572,46.95285117944619,122220,watch_data_11_processed,7.648585840155302e-09,6.700670715939153e-05,15.285824265433181,40320
3,1,0,0,0,0,0,0,0,0,0,0,0,0,0,0,0,0,0,1.0,0,0,0,0,0,0,0,0,1.0,0,1.0,1.0,0,0,0,0,0,0,0,1.0,0,1.0,0,0,0,0,0,0,0,0,0,0,0,0,0,0,0,0,0,0,0,0,0,0,0,0,0,0,0,0,0,0,0,0,0,0,0,0,0,0,0,0,0,0,0,0,0,0,agg,7.675266071509785e-09,5.306871564699516e-05,15.55505309369688,1378966,watch_data_00_processed,5.2512908890431535e-09,5.526169499819626e-05,14.71226032816871,221760,watch_data_01_processed,3.1451940856550947e-09,4.35584696988197e-05,13.016207018982598,49140,watch_data_03_processed,2.8260068771181784e-09,3.6691400658505544e-05,19.934300101421,44520,watch_data_04_processed,1.840518237928799e-09,3.0188462509147456e-05,24.88955708289536,14576,watch_data_05_processed,8.552736274521859e-09,7.632209220634921e-05,23.87802601166806,31500,watch_data_06_processed,4.46600469851616e-09,4.965018930872568e-05,13.307564648645734,74340,watch_data_08a_processed,1.6778570004380595e-09,2.8517254433009527e-05,10.271007736462982,103970,watch_data_08b_processed,1.7594255617527683e-09,2.6717111369275677e-05,10.550150251030091,109620,watch_data_08c_processed,7.558263363804393e-10,2.032002168047775e-05,6.313395359853049,171360,watch_data_08d_processed,8.601135281487053e-10,2.2230499696547187e-05,7.2521198040106665,268380,watch_data_09_processed,9.306924800761482e-10,2.4062308205009387e-05,9.110019834739473,39060,watch_data_10a_processed,4.760303529951297e-08,0.0001839228363681741,29.19199646212562,66780,watch_data_10_processed,2.1893595108134457e-08,0.00013473941862900715,30.023184445920386,21420,watch_data_11b_processed,3.1013087114737646e-08,0.00013470399066628486,46.953093563547945,122220,watch_data_11_processed,7.650299966455057e-09,6.701832142030423e-05,15.28820907279281,40320
3,1,0,0,0,0,0,0,0,0,0,0,0,0,0,0,0,0,0,0,0,0,0,0,0,0,0,0,1.0,0,1.0,1.0,0,0,0,0,0,0,1.0,1.0,0,1.0,0,0,0,0,0,0,0,0,0,0,0,0,0,0,0,0,0,0,0,0,0,0,0,0,0,0,0,0,0,0,0,0,0,0,0,0,0,0,0,0,0,0,0,0,0,0,agg,8.439534648197356e-09,5.6253566955980785e-05,17.422382644506254,1378966,watch_data_00_processed,5.188351284989032e-09,5.480517842772969e-05,14.528877273932924,221760,watch_data_01_processed,7.210706504239868e-09,7.154003875050875e-05,25.27245388371665,49140,watch_data_03_processed,6.350472368315778e-09,5.807939267557654e-05,25.45862352449208,44520,watch_data_04_processed,1.6713103880039825e-09,2.9991840420325652e-05,25.77225911123091,14576,watch_data_05_processed,8.027527654428947e-09,6.951615967513228e-05,22.636130721134485,31500,watch_data_06_processed,3.780528974654263e-09,4.879122321764864e-05,13.156486442645122,74340,watch_data_08a_processed,7.295345152182332e-10,2.0576594347407906e-05,8.56544176889964,103970,watch_data_08b_processed,1.113778453392662e-09,2.2268221271969837e-05,9.642534100458668,109620,watch_data_08c_processed,6.421897649980125e-10,1.901446926731248e-05,6.251150953532641,171360,watch_data_08d_processed,8.703892475291166e-10,2.1065402347554463e-05,7.32047124278512,268380,watch_data_09_processed,7.858337121329254e-10,2.0778053560018772e-05,8.915881759244085,39060,watch_data_10a_processed,5.2147180302494624e-08,0.00019392858407207746,29.196381586300973,66780,watch_data_10_processed,1.9274718504439432e-08,0.00012368753140367257,27.395612269571746,21420,watch_data_11b_processed,3.3328598199378795e-08,0.00015215706094392627,60.655497649199816,122220,watch_data_11_processed,1.862551667374964e-08,0.00011315775182539682,26.769565971822157,40320
3,1,0,0,0,0,0,0,0,0,0,0,0,0,0,0,0,0,0,0,0,0,0,0,0,0,0,0,1.0,0,1.0,1.0,0,0,0,0,0,0,0,2.0,0,1.0,0,0,0,0,0,0,0,0,0,0,0,0,0,0,0,0,0,0,0,0,0,0,0,0,0,0,0,0,0,0,0,0,0,0,0,0,0,0,0,0,0,0,0,0,0,0,agg,7.940406492050198e-09,5.321103137611587e-05,15.581304146159372,1378966,watch_data_00_processed,5.0380336629104755e-09,5.3930320952681573e-05,14.541598821082419,221760,watch_data_01_processed,3.1411439108308165e-09,4.351233712250713e-05,12.920816653633219,49140,watch_data_03_processed,2.7773042367779427e-09,3.661915641097634e-05,19.88486449785404,44520,watch_data_04_processed,1.8145814206057633e-09,2.993673779729235e-05,24.86312343941242,14576,watch_data_05_processed,8.437378738416013e-09,7.52785520994709e-05,23.505673932338226,31500,watch_data_06_processed,4.123822899654144e-09,4.772539652476012e-05,12.971749077360545,74340,watch_data_08a_processed,1.877081640521494e-09,2.933957797505691e-05,10.52907240989801,103970,watch_data_08b_processed,1.528996195039976e-09,2.5574811167974217e-05,10.105087157879316,109620,watch_data_08c_processed,7.703335264583138e-10,2.0347352468681917e-05,6.276142820075059,171360,watch_data_08d_processed,8.742599769391663e-10,2.2213683484892068e-05,7.209094799219942,268380,watch_data_09_processed,9.50131687741559e-10,2.399258111932924e-05,9.005289605055266,39060,watch_data_10a_processed,5.234644704123909e-08,0.00019139989471099133,30.376049965842366,66780,watch_data_10_processed,2.1268773659471984e-08,0.0001323031336616869,29.31756323609889,21420,watch_data_11b_processed,3.21293144096572e-08,0.00013670144052991873,47.70218038917753,122220,watch_data_11_processed,7.710472990607276e-09,6.770337258597883e-05,15.448939220525487,40320
3,1,0,0,0,0,0,0,0,0,0,0,0,0,0,0,0,0,0,0,0,0,0,0,0,0,0,0,1.0,0,1.0,1.0,0,0,0,0,0,0,0,1.0,0,2.0,0,0,0,0,0,0,0,0,0,0,0,0,0,0,0,0,0,0,0,0,0,0,0,0,0,0,0,0,0,0,0,0,0,0,0,0,0,0,0,0,0,0,0,0,0,0,agg,7.677863338162468e-09,5.348968364229115e-05,15.620807619551435,1378966,watch_data_00_processed,5.400129168604605e-09,5.743939746557839e-05,15.265456845417807,221760,watch_data_01_processed,3.2980830177698674e-09,4.455727528625695e-05,13.352102032612576,49140,watch_data_03_processed,3.0775598319478442e-09,3.872567834943097e-05,20.595084841668342,44520,watch_data_04_processed,1.9498269125984156e-09,3.087037820618368e-05,26.02860634960502,14576,watch_data_05_processed,8.740330728300668e-09,7.768040383915344e-05,24.441102206005255,31500,watch_data_06_processed,5.197793417252676e-09,5.2968301004394226e-05,13.944776116267912,74340,watch_data_08a_processed,1.4997097364504636e-09,2.8025284164662877e-05,9.926182940784011,103970,watch_data_08b_processed,1.8662894466249873e-09,2.7151394153743235e-05,10.470639917610876,109620,watch_data_08c_processed,7.402893438282576e-10,2.0084176672307815e-05,6.191442909219832,171360,watch_data_08d_processed,8.183953825761118e-10,2.18624359562486e-05,7.079996518051096,268380,watch_data_09_processed,9.021307030389759e-10,2.3424703811768222e-05,8.863693737682707,39060,watch_data_10a_processed,4.572720616221838e-08,0.00018097997099680545,28.93635326841155,66780,watch_data_10_processed,2.194522133327932e-08,0.00013430450146125115,29.72951408921357,21420,watch_data_11b_processed,3.132828017398909e-08,0.0001349293108648339,46.934052433235045,122220,watch_data_11_processed,7.585330577970762e-09,6.712936175595237e-05,14.974046064108492,40320
3,1,0,0,0,0,0,0,0,0,0,0,0,0,0,0,0,0,0,0,0,0,0,0,0,0,0,0,1.0,0,1.0,2.0,0,0,0,0,0,0,0,1.0,0,1.0,0,0,0,0,0,0,0,0,0,0,0,0,0,0,0,0,0,0,0,0,0,0,0,0,0,0,0,0,0,0,0,0,0,0,0,0,0,0,0,0,0,0,0,0,0,0,agg,7.597288066527661e-09,5.293816570357186e-05,15.510580579866843,1378966,watch_data_00_processed,5.3414297202138235e-09,5.513894518954426e-05,14.625409608686507,221760,watch_data_01_processed,3.1096179892851507e-09,4.338986314000814e-05,13.01932350552887,49140,watch_data_03_processed,2.7788724664576247e-09,3.6013333806903264e-05,18.679933836541956,44520,watch_data_04_processed,1.7510007448913219e-09,2.927188800768386e-05,24.56443014656664,14576,watch_data_05_processed,8.759164931685111e-09,7.778862437671957e-05,24.405495580537746,31500,watch_data_06_processed,4.3813954589116866e-09,4.994542739827818e-05,13.398466612516877,74340,watch_data_08a_processed,1.7036364073440286e-09,2.8558741860151967e-05,10.405737068878258,103970,watch_data_08b_processed,2.007937118074218e-09,2.781351151432221e-05,10.89716336566896,109620,watch_data_08c_processed,7.401836058805808e-10,2.014386354088858e-05,6.210618294966682,171360,watch_data_08d_processed,8.514571803188175e-10,2.218773859875053e-05,7.236991752888714,268380,watch_data_09_processed,9.371238346348926e-10,2.4081648478946917e-05,9.011689502991684,39060,watch_data_10a_processed,4.532991941067576e-08,0.00017968463055655385,28.45787757271144,66780,watch_data_10_processed,2.311489936757388e-08,0.00014011979298319326,31.564221618809825,21420,watch_data_11b_processed,3.076638485381362e-08,0.00013406235028009598,46.84518887869141,122220,watch_data_11_processed,7.849736333002782e-09,6.685695303406086e-05,15.230177679792725,40320
3,1,0,0,0,0,0,0,0,0,0,0,0,0,0,0,0,0,0,0,0,0,0,0,0,0,0,0,1.0,0,2.0,1.0,0,0,0,0,0,0,0,1.0,0,1.0,0,0,0,0,0,0,0,0,0,0,0,0,0,0,0,0,0,0,0,0,0,0,0,0,0,0,0,0,0,0,0,0,0,0,0,0,0,0,0,0,0,0,0,0,0,0,agg,7.795126243032374e-09,5.354540018400816e-05,15.74562534552862,1378966,watch_data_00_processed,5.494213002080671e-09,5.6125540261093074e-05,14.946657698452453,221760,watch_data_01_processed,3.113578016324497e-09,4.3439994036087365e-05,13.021277206301809,49140,watch_data_03_processed,2.8670942877274885e-09,3.748370142969452e-05,21.651236244644316,44520,watch_data_04_processed,1.8801090318857986e-09,3.103471591200146e-05,25.5690118080482,14576,watch_data_05_processed,8.591296955198753e-09,7.683670223492064e-05,24.133788088797232,31500,watch_data_06_processed,4.35923963779899e-09,4.875499394418438e-05,13.075207419466755,74340,watch_data_08a_processed,1.9461599382362003e-09,2.9866045898175758e-05,10.80752360423866,103970,watch_data_08b_processed,2.0849852762127783e-09,2.822472540990087e-05,10.921681937498198,109620,watch_data_08c_processed,7.512595399619929e-10,2.0241413706621537e-05,6.231938068141118,171360,watch_data_08d_processed,8.823377733859111e-10,2.242671433710659e-05,7.244341826859959,268380,watch_data_09_processed,9.280313576854093e-10,2.4020449475704046e-05,8.99973167348504,39060,watch_data_10a_processed,4.8117128309760426e-08,0.0001849110596955176,29.318157160651726,66780,watch_data_10_processed,2.2118986573313122e-08,0.00013602475910364143,30.462358710011937,21420,watch_data_11b_processed,3.1049828934541934e-08,0.000134808126028746,47.20798370786039,122220,watch_data_11_processed,7.773596746069359e-09,6.763864468419312e-05,15.49403552434025,40320
3,1,0,0,0,0,0,0,0,0,0,0,0,0,0,0,0,0,0,0,0,0,0,0,0,0,0,0,2.0,0,1.0,1.0,0,0,0,0,0,0,0,1.0,0,1.0,0,0,0,0,0,0,0,0,0,0,0,0,0,0,0,0,0,0,0,0,0,0,0,0,0,0,0,0,0,0,0,0,0,0,0,0,0,0,0,0,0,0,0,0,0,0,agg,7.67375499269437e-09,5.302406251450314e-05,15.510391383914246,1378966,watch_data_00_processed,5.253597050214268e-09,5.5266832031325174e-05,14.714100997834667,221760,watch_data_01_processed,3.1456673155051738e-09,4.355086741012074e-05,13.001630442552662,49140,watch_data_03_processed,2.828553347610208e-09,3.6710449490491166e-05,19.943581932428383,44520,watch_data_04_processed,1.8406477921936337e-09,3.0188365616995975e-05,24.875898682351014,14576,watch_data_05_processed,8.55227907098911e-09,7.631733124021165e-05,23.877440601081297,31500,watch_data_06_processed,4.466407316809686e-09,4.963598244566406e-05,13.298775010774763,74340,watch_data_08a_processed,1.6745572780543175e-09,2.8438062437562114e-05,10.166607236306286,103970,watch_data_08b_processed,1.7558303184135047e-09,2.6603289300918327e-05,10.416131138468357,109620,watch_data_08c_processed,7.524885986041079e-10,2.0235229792639275e-05,6.240655751826407,171360,watch_data_08d_processed,8.579415321646591e-10,2.215795696323372e-05,7.1862846452817415,268380,watch_data_09_processed,9.242328034910016e-10,2.3900467603370885e-05,8.990348914878044,39060,watch_data_10a_processed,4.759623348837849e-08,0.00018391476056004794,29.18788232564073,66780,watch_data_10_processed,2.1894169340643576e-08,0.0001347395159072518,30.023301278186143,21420,watch_data_11b_processed,3.1012332276715976e-08,0.00013470483295069,46.952418347196115,122220,watch_data_11_processed,7.648548299501494e-09,6.700552865410053e-05,15.285410248940595,40320
3,1,0,0,0,0,0,0,0,0,0,0,0,0,0,0,0,0,0,0,0,0,0,0,0,0,0,0,2.0,0,1.0,1.0,0,0,0,0,0,0,0,2.0,0,1.0,0,0,0,0,0,0,0,0,0,0,0,0,0,0,0,0,0,0,0,0,0,0,0,0,0,0,0,0,0,0,0,0,0,0,0,0,0,0,0,0,0,0,0,0,0,0,agg,7.940391371158895e-09,5.321074952570525e-05,15.581174671575816,1378966,watch_data_00_processed,5.038067920713626e-09,5.3930479286014895e-05,14.541610727755014,221760,watch_data_01_processed,3.141172236273335e-09,4.351272044905712e-05,12.92095181016685,49140,watch_data_03_processed,2.7772899436601913e-09,3.661874440139263e-05,19.884605779342365,44520,watch_data_04_processed,1.8146601749385162e-09,2.993807487650933e-05,24.86525650632589,14576,watch_data_05_processed,8.437394918167813e-09,7.527836923174604e-05,23.505617979694136,31500,watch_data_06_processed,4.123773697709872e-09,4.7722630705551074e-05,12.970332586076609,74340,watch_data_08a_processed,1.877041404782054e-09,2.9338767067102686e-05,10.528771571017394,103970,watch_data_08b_processed,1.5290048791987495e-09,2.5575260480143522e-05,10.105448126312478,109620,watch_data_08c_processed,7.703273215814657e-10,2.0347260215336133e-05,6.276004528326913,171360,watch_data_08d_processed,8.742440296591859e-10,2.221302114244231e-05,7.208769449522164,268380,watch_data_09_processed,9.501733159725082e-10,2.3994114488504863e-05,9.005659683622772,39060,watch_data_10a_processed,5.234632955460366e-08,0.00019139974219227316,30.37595651011069,66780,watch_data_10_processed,2.126867662334293e-08,0.00013230297304388423,29.317638211289115,21420,watch_data_11b_processed,3.212921088918671e-08,0.00013670096007936506,47.702087751743456,122220,watch_data_11_processed,7.710530564882474e-09,6.770358814484127e-05,15.4490357914319,40320
3,1,0,0,0,0,0,0,0,0,0,0,0,0,0,0,0,0,0,0,0,0,0,0,0,0,0,0,2.0,0,1.0,1.0,0,0,0,0,0,0,0,1.0,0,2.0,0,0,0,0,0,0,0,0,0,0,0,0,0,0,0,0,0,0,0,0,0,0,0,0,0,0,0,0,0,0,0,0,0,0,0,0,0,0,0,0,0,0,0,0,0,0,agg,7.677802443101183e-09,5.3489068634306906e-05,15.620540374474484,1378966,watch_data_00_processed,5.400086577039329e-09,5.7439289572661134e-05,15.265419395164791,221760,watch_data_01_processed,3.2980198297048624e-09,4.45568095353412e-05,13.352031187976724,49140,watch_data_03_processed,3.0774206213273136e-09,3.87245945466457e-05,20.594194895665648,44520,watch_data_04_processed,1.949828707805326e-09,3.0870649563208927e-05,26.029328171603726,14576,watch_data_05_processed,8.740010692416694e-09,7.767893170158731e-05,24.440869719884184,31500,watch_data_06_processed,5.19768570236087e-09,5.296659464173617e-05,13.943678070929689,74340,watch_data_08a_processed,1.4996932282635524e-09,2.8025060486358242e-05,9.92589045638247,103970,watch_data_08b_processed,1.8662120044348285e-09,2.7149266102596843e-05,10.469442306384785,109620,watch_data_08c_processed,7.403143944459057e-10,2.0084556367685968e-05,6.191486394428429,171360,watch_data_08d_processed,8.183960518889178e-10,2.1862272677191544e-05,7.079851471479377,268380,watch_data_09_processed,9.021440694843527e-10,2.3426536600640043e-05,8.864852587589736,39060,watch_data_10a_processed,4.5726630690279294e-08,0.00018097392992013576,28.935073492139974,66780,watch_data_10_processed,2.1945023069485232e-08,0.000134303950227202,29.729446280766204,21420,watch_data_11b_processed,3.132827884573554e-08,0.00013492924546364477,46.93402154160443,122220,watch_data_11_processed,7.585352612461459e-09,6.712944065806878e-05,14.974043833306583,40320
3,1,0,0,0,0,0,0,0,0,0,0,0,0,0,0,0,0,0,0,0,0,0,0,0,0,0,0,2.0,0,1.0,2.0,0,0,0,0,0,0,0,1.0,0,1.0,0,0,0,0,0,0,0,0,0,0,0,0,0,0,0,0,0,0,0,0,0,0,0,0,0,0,0,0,0,0,0,0,0,0,0,0,0,0,0,0,0,0,0,0,0,0,agg,7.597395994156178e-09,5.293841431240871e-05,15.510275417833329,1378966,watch_data_00_processed,5.3412333356458906e-09,5.513833478189636e-05,14.625302602626,221760,watch_data_01_processed,3.1096760216036294e-09,4.339043448717949e-05,13.019563515062194,49140,watch_data_03_processed,2.7788914467635907e-09,3.601473740378856e-05,18.680046305513926,44520,watch_data_04_processed,1.7507629761346815e-09,2.9269295343944383e-05,24.53816137706965,14576,watch_data_05_processed,8.759182771647468e-09,7.778860642962962e-05,24.405583152797252,31500,watch_data_06_processed,4.381423408786409e-09,4.9945681994278546e-05,13.39836843071043,74340,watch_data_08a_processed,1.7036522695995236e-09,2.8559198885896574e-05,10.405845098026333,103970,watch_data_08b_processed,2.0079775819577722e-09,2.7813787935899774e-05,10.897277969496209,109620,watch_data_08c_processed,7.4019864184905e-10,2.014421707030034e-05,6.210587424101217,171360,watch_data_08d_processed,8.514549810410592e-10,2.2187442460811787e-05,7.2367526044017385,268380,watch_data_09_processed,9.371862794848041e-10,2.408346053987882e-05,9.011989179561015,39060,watch_data_10a_processed,4.533292428079519e-08,0.0001796902245218129,28.458474402638963,66780,watch_data_10_processed,2.311455037696117e-08,0.00014011866210706506,31.563966936168487,21420,watch_data_11b_processed,3.076626003179654e-08,0.00013406163010609283,46.84494303878382,122220,watch_data_11_processed,7.849762713408169e-09,6.68573505952381e-05,15.230256363532193,40320
3,1,0,0,0,0,0,0,0,0,0,0,0,0,0,0,0,0,0,0,0,0,0,0,0,0,0,0,2.0,0,2.0,1.0,0,0,0,0,0,0,0,1.0,0,1.0,0,0,0,0,0,0,0,0,0,0,0,0,0,0,0,0,0,0,0,0,0,0,0,0,0,0,0,0,0,0,0,0,0,0,0,0,0,0,0,0,0,0,0,0,0,0,agg,7.795137905132499e-09,5.3545436919987626e-05,15.745595712181025,1378966,watch_data_00_processed,5.494229094056641e-09,5.612586226085257e-05,14.946726862580462,221760,watch_data_01_processed,3.113622344850532e-09,4.3440303649436986e-05,13.021410133135866,49140,watch_data_03_processed,2.86699695933167e-09,3.748322783430668e-05,21.651023525290302,44520,watch_data_04_processed,1.8801789573233113e-09,3.103551596688621e-05,25.569080379361885,14576,watch_data_05_processed,8.591239183493547e-09,7.683632101798942e-05,24.133690048733623,31500,watch_data_06_processed,4.359277667813715e-09,4.8755898598475465e-05,13.075719001308853,74340,watch_data_08a_processed,1.9461321049542746e-09,2.9865142889615592e-05,10.807075739878886,103970,watch_data_08b_processed,2.0849932389542032e-09,2.8224813126862503e-05,10.92181968296435,109620,watch_data_08c_processed,7.512603632433152e-10,2.0241415220393714e-05,6.231843795736697,171360,watch_data_08d_processed,8.823218456350017e-10,2.2426118477256128e-05,7.24403185519258,268380,watch_data_09_processed,9.280901323749388e-10,2.4022336703899985e-05,9.000220599609095,39060,watch_data_10a_processed,4.8117271426155494e-08,0.00018491195994409506,29.318291833376925,66780,watch_data_10_processed,2.211901555915175e-08,0.00013602503617180206,30.462539950803112,21420,watch_data_11b_processed,3.1049844925766863e-08,0.00013480799768368515,47.20799076142217,122220,watch_data_11_processed,7.773705065764878e-09,6.76395886656746e-05,15.494253013162837,40320
3,1,0,0,0,0,0,0,0,0,0,0,0,0,0,0,0,0,0,0,0,0,0,0,0,0,0,0,3.0,0,1.0,1.0,0,0,0,0,0,0,0,1.0,0,1.0,0,0,0,0,0,0,0,0,0,0,0,0,0,0,0,0,0,0,0,0,0,0,0,0,0,0,0,0,0,0,0,0,0,0,0,0,0,0,0,0,0,0,0,0,0,0,agg,7.67373558442318e-09,5.302392955495229e-05,15.510347265321998,1378966,watch_data_00_processed,5.253565757434884e-09,5.5266820730519485e-05,14.714133196230955,221760,watch_data_01_processed,3.145557796535819e-09,4.355008657305656e-05,13.001428632467867,49140,watch_data_03_processed,2.8280848517647897e-09,3.670551170447739e-05,19.942024563659107,44520,watch_data_04_processed,1.8406696484169057e-09,3.0188105888675445e-05,24.875324947654402,14576,watch_data_05_processed,8.551879740207869e-09,7.631633794920634e-05,23.87702394245792,31500,watch_data_06_processed,4.466413090374119e-09,4.9636527168110485e-05,13.299183247284418,74340,watch_data_08a_processed,1.6745256700013023e-09,2.8437812781251e-05,10.166433146666195,103970,watch_data_08b_processed,1.7558300263038078e-09,2.6603522636988387e-05,10.416229937877636,109620,watch_data_08c_processed,7.524882652999118e-10,2.0235099637215998e-05,6.24058641490717,171360,watch_data_08d_processed,8.579465146580292e-10,2.2157957858854355e-05,7.186261160878739,268380,watch_data_09_processed,9.242133904421508e-10,2.389981917360471e-05,8.990175746851996,39060,watch_data_10a_processed,4.759651843622043e-08,0.00018391627741140066,29.18819136968709,66780,watch_data_10_processed,2.1894095046240453e-08,0.00013473952567693746,30.0235062083426,21420,watch_data_11b_processed,3.101227761034382e-08,0.00013470474538455245,46.952410842688344,122220,watch_data_11_processed,7.64880343008367e-09,6.700624558531746e-05,15.285671148182805,40320
3,1,0,0,0,0,0,0,0,0,0,0,0,0,0,0,0,0,0,0,0,0,0,0,0,0,0,0,2.0,0,1.0,2.0,0,0,0,0,0,0,0,2.0,0,1.0,0,0,0,0,0,0,0,0,0,0,0,0,0,0,0,0,0,0,0,0,0,0,0,0,0,0,0,0,0,0,0,0,0,0,0,0,0,0,0,0,0,0,0,0,0,0,agg,7.732879073693289e-09,5.28343239523805e-05,15.49973039431088,1378966,watch_data_00_processed,5.053901667110252e-09,5.328881435530904e-05,14.29629037572571,221760,watch_data_01_processed,3.103151959163221e-09,4.327948701058201e-05,12.896103461555633,49140,watch_data_03_processed,2.7368453680515396e-09,3.578323271825397e-05,18.545661177641403,44520,watch_data_04_processed,1.735846314560053e-09,2.911771912504574e-05,24.614859708141,14576,watch_data_05_processed,8.647638703498082e-09,7.637508775978837e-05,23.876364092233953,31500,watch_data_06_processed,4.295823514833297e-09,4.9353481163859746e-05,13.309569458897277,74340,watch_data_08a_processed,1.8875705972733824e-09,2.9359632858837483e-05,10.706793298653206,103970,watch_data_08b_processed,1.612967705458612e-09,2.5838466765492918e-05,10.31544390742358,109620,watch_data_08c_processed,7.664011315183607e-10,2.0331231806528165e-05,6.284217486221679,171360,watch_data_08d_processed,8.775006274374949e-10,2.224740082802743e-05,7.282560185815997,268380,watch_data_09_processed,9.577515870415467e-10,2.4169155350426694e-05,9.031653363119919,39060,watch_data_10a_processed,4.781883298106611e-08,0.00018365611808226017,29.056276769277154,66780,watch_data_10_processed,2.2174861948377452e-08,0.00013642099274509804,30.461217635981193,21420,watch_data_11b_processed,3.176116666335795e-08,0.0001357396532528773,47.369381387217224,122220,watch_data_11_processed,8.029560656956115e-09,6.845040974702381e-05,15.702444505458285,40320
3,1,0,0,0,0,0,0,0,0,0,0,0,0,0,0,0,0,0,0,0,0,0,0,0,0,0,0,2.0,0,1.0,2.0,0,0,0,0,0,0,0,1.0,0,2.0,0,0,0,0,0,0,0,0,0,0,0,0,0,0,0,0,0,0,0,0,0,0,0,0,0,0,0,0,0,0,0,0,0,0,0,0,0,0,0,0,0,0,0,0,0,0,agg,7.642802550051216e-09,5.348337483184526e-05,15.599327575059094,1378966,watch_data_00_processed,5.4446328508071245e-09,5.7425392654671716e-05,15.138959685938023,221760,watch_data_01_processed,3.2653377938874644e-09,4.418471625559626e-05,13.31573150444786,49140,watch_data_03_processed,2.9211031985204237e-09,3.747273331948188e-05,19.107814077941825,44520,watch_data_04_processed,1.8802780496370574e-09,3.0011175089187707e-05,25.398905292619617,14576,watch_data_05_processed,8.745311135600252e-09,7.815239514920634e-05,24.662169263388524,31500,watch_data_06_processed,5.285584397642324e-09,5.3629821311989946e-05,14.05444294162389,74340,watch_data_08a_processed,1.4763821333396404e-09,2.7601244739828795e-05,9.927741982757817,103970,watch_data_08b_processed,2.1017292207057073e-09,2.8177067755579882e-05,10.885539596636793,109620,watch_data_08c_processed,7.242052551670057e-10,1.997719782173981e-05,6.150690715684457,171360,watch_data_08d_processed,8.284424257572868e-10,2.19789014136647e-05,7.1592725445168535,268380,watch_data_09_processed,9.190244470599239e-10,2.3760104332334872e-05,8.948604526474723,39060,watch_data_10a_processed,4.4526806895918895e-08,0.00017938538982280121,28.60289507777378,66780,watch_data_10_processed,2.2665566521656523e-08,0.00013766440900404603,30.73394214555239,21420,watch_data_11b_processed,3.1174604142192743e-08,0.0001348963784287896,46.94427708873168,122220,watch_data_11_processed,7.689987053918267e-09,6.616563254794973e-05,14.893331664344508,40320
3,1,0,0,0,0,0,0,0,0,0,0,0,0,0,0,0,0,0,0,0,0,0,0,0,0,0,0,2.0,0,1.0,3.0,0,0,0,0,0,0,0,1.0,0,1.0,0,0,0,0,0,0,0,0,0,0,0,0,0,0,0,0,0,0,0,0,0,0,0,0,0,0,0,0,0,0,0,0,0,0,0,0,0,0,0,0,0,0,0,0,0,0,agg,7.60938719047673e-09,5.3059535431288616e-05,15.555125503205318,1378966,watch_data_00_processed,5.4169751907832916e-09,5.544592246151998e-05,14.688208959241885,221760,watch_data_01_processed,3.0874227308213288e-09,4.315281409442409e-05,12.92499124244961,49140,watch_data_03_processed,2.74306164988592e-09,3.57827546484726e-05,18.246688159834843,44520,watch_data_04_processed,1.7519083504022438e-09,2.9008325045737285e-05,23.969611759505966,14576,watch_data_05_processed,8.932954805697597e-09,7.885522885396826e-05,24.843824291276004,31500,watch_data_06_processed,4.357311306914358e-09,5.0272621167195774e-05,13.538205996023725,74340,watch_data_08a_processed,1.7447820714210607e-09,2.8753663408034376e-05,10.603623900181148,103970,watch_data_08b_processed,2.1445599452771423e-09,2.853664172444201e-05,11.226176903411751,109620,watch_data_08c_processed,7.380420098882175e-10,2.0119426669195456e-05,6.193512835800603,171360,watch_data_08d_processed,8.590897355654219e-10,2.227582669139032e-05,7.275981152698334,268380,watch_data_09_processed,9.345284841705418e-10,2.410510979401775e-05,8.985352728419729,39060,watch_data_10a_processed,4.492163691888843e-08,0.00017883117642857141,28.26774757792963,66780,watch_data_10_processed,2.337461549368996e-08,0.00014120883639277932,31.915608959746418,21420,watch_data_11b_processed,3.0790189135055655e-08,0.00013405016796023562,46.85812300138938,122220,watch_data_11_processed,7.772284580594405e-09,6.641978201058202e-05,15.139457367657979,40320
3,1,0,0,0,0,0,0,0,0,0,0,0,0,0,0,0,0,0,0,0,0,0,0,0,0,0,0,2.0,0,2.0,2.0,0,0,0,0,0,0,0,1.0,0,1.0,0,0,0,0,0,0,0,0,0,0,0,0,0,0,0,0,0,0,0,0,0,0,0,0,0,0,0,0,0,0,0,0,0,0,0,0,0,0,0,0,0,0,0,0,0,0,agg,7.751404159170015e-09,5.356215577013092e-05,15.750838572820928,1378966,watch_data_00_processed,5.572633401711329e-09,5.577528656625781e-05,14.769713340265689,221760,watch_data_01_processed,3.1003577271675936e-09,4.3281296498439835e-05,13.074566874155,49140,watch_data_03_processed,2.8308776529231725e-09,3.679097893493561e-05,20.109864084741957,44520,watch_data_04_processed,1.8336533491295417e-09,3.0338009696304428e-05,25.099256671607385,14576,watch_data_05_processed,8.842176222730682e-09,7.858632223068781e-05,24.773253101358566,31500,watch_data_06_processed,4.4275050271784776e-09,5.026719583294772e-05,13.511108506517584,74340,watch_data_08a_processed,1.957390474478776e-09,2.9791645340001926e-05,10.88965747789575,103970,watch_data_08b_processed,2.3133036362837455e-09,2.933000138569604e-05,11.350475409757331,109620,watch_data_08c_processed,7.469313752704055e-10,2.02494463418145e-05,6.218727772112552,171360,watch_data_08d_processed,9.029864194950685e-10,2.2629715942402557e-05,7.315376630980733,268380,watch_data_09_processed,9.364399017033217e-10,2.4266387120353302e-05,9.04768254479318,39060,watch_data_10a_processed,4.6173871308549845e-08,0.000180693697033543,28.497214567059114,66780,watch_data_10_processed,2.3475550958181153e-08,0.00014175902638655463,32.10702706858532,21420,watch_data_11b_processed,3.08739765527912e-08,0.0001346533481876943,47.33355938054433,122220,watch_data_11_processed,7.852000855474375e-09,6.716434518022487e-05,15.413651626404306,40320
3,1,0,0,0,0,0,0,0,0,0,0,0,0,0,0,0,0,0,0,0,0,0,0,0,0,0,0,3.0,0,1.0,2.0,0,0,0,0,0,0,0,1.0,0,1.0,0,0,0,0,0,0,0,0,0,0,0,0,0,0,0,0,0,0,0,0,0,0,0,0,0,0,0,0,0,0,0,0,0,0,0,0,0,0,0,0,0,0,0,0,0,0,agg,7.597437441555943e-09,5.293839128670201e-05,15.510233474923883,1378966,watch_data_00_processed,5.3412256053032365e-09,5.513835394074676e-05,14.625304304843322,221760,watch_data_01_processed,3.1096955625653694e-09,4.339057724257224e-05,13.019569857018645,49140,watch_data_03_processed,2.7788842179560636e-09,3.6014703717804736e-05,18.680054370185257,44520,watch_data_04_processed,1.7507692128390126e-09,2.9269427135931212e-05,24.538281879210867,14576,watch_data_05_processed,8.759186768026092e-09,7.778842873650793e-05,24.40550226574932,31500,watch_data_06_processed,4.381348304121881e-09,4.994460639119362e-05,13.397847539905584,74340,watch_data_08a_processed,1.703594521127286e-09,2.855889529126992e-05,10.405705155558115,103970,watch_data_08b_processed,2.0079555583217496e-09,2.7813752038861526e-05,10.897169325323395,109620,watch_data_08c_processed,7.402075635537906e-10,2.014416597397292e-05,6.210530379252355,171360,watch_data_08d_processed,8.5145536301402e-10,2.218737146905879e-05,7.236750941488844,268380,watch_data_09_processed,9.371853882730068e-10,2.4082959862288784e-05,9.01183726179177,39060,watch_data_10a_processed,4.533401267347646e-08,0.00017969165427473297,28.458698052904218,66780,watch_data_10_processed,2.3114510667282327e-08,0.00014011840485527545,31.563873403345344,21420,watch_data_11b_processed,3.076623462919109e-08,0.00013406179959281076,46.84498761113882,122220,watch_data_11_processed,7.849804656507948e-09,6.685770532407408e-05,15.23037699315137,40320
3,1,0,0,0,0,0,0,0,0,0,0,0,0,0,0,0,0,0,0,0,0,0,0,0,0,0,0,2.0,0,1.0,2.0,0,0,0,0,0,0,0,3.0,0,1.0,0,0,0,0,0,0,0,0,0,0,0,0,0,0,0,0,0,0,0,0,0,0,0,0,0,0,0,0,0,0,0,0,0,0,0,0,0,0,0,0,0,0,0,0,0,0,agg,8.261195583432528e-09,5.377677441450165e-05,15.849579437706831,1378966,watch_data_00_processed,5.0074937232470475e-09,5.297677180330086e-05,14.271096007858771,221760,watch_data_01_processed,3.107767346707101e-09,4.3283017786596115e-05,12.867793379720426,49140,watch_data_03_processed,2.6968781015515238e-09,3.580403484688529e-05,18.56352887616099,44520,watch_data_04_processed,1.7348967863548639e-09,2.9098635766556894e-05,24.616201802097848,14576,watch_data_05_processed,8.648793108975299e-09,7.63248619185185e-05,23.852038767387146,31500,watch_data_06_processed,4.375032615378619e-09,4.958553316368039e-05,13.447113408390038,74340,watch_data_08a_processed,1.9413666509895633e-09,2.9571240587669516e-05,10.770656416378323,103970,watch_data_08b_processed,1.5181605556927368e-09,2.535930930852034e-05,10.164101675987348,109620,watch_data_08c_processed,7.719288800233228e-10,2.0366278728213508e-05,6.296082924726558,171360,watch_data_08d_processed,8.818694020666827e-10,2.2258309594636968e-05,7.283676343516565,268380,watch_data_09_processed,9.752281937760433e-10,2.4224338460172385e-05,9.040962349682886,39060,watch_data_10a_processed,4.993481480958439e-08,0.00018760333630328445,29.74701487273581,66780,watch_data_10_processed,2.2009259997992018e-08,0.0001356281946311858,30.261138886889498,21420,watch_data_11b_processed,3.6611428449705866e-08,0.00014454633734440627,50.88343224298083,122220,watch_data_11_processed,8.17598171828776e-09,6.966034985119048e-05,16.07593551258015,40320
3,1,0,0,0,0,0,0,0,0,0,0,0,0,0,0,0,0,0,0,0,0,0,0,0,0,0,0,2.0,0,1.0,2.0,0,0,0,0,0,0,0,2.0,0,2.0,0,0,0,0,0,0,0,0,0,0,0,0,0,0,0,0,0,0,0,0,0,0,0,0,0,0,0,0,0,0,0,0,0,0,0,0,0,0,0,0,0,0,0,0,0,0,agg,7.542145868450249e-09,5.261274011238735e-05,15.372048044771372,1378966,watch_data_00_processed,5.137153150844129e-09,5.5115304987824685e-05,14.680738813904881,221760,watch_data_01_processed,3.2189039906686083e-09,4.37502539289106e-05,12.989567379517277,49140,watch_data_03_processed,2.8237384358008454e-09,3.662080971136568e-05,18.832756502526344,44520,watch_data_04_processed,1.7397645763156072e-09,2.899079259284669e-05,24.939883778705063,14576,watch_data_05_processed,8.404922977975646e-09,7.53352007015873e-05,23.56131017117071,31500,watch_data_06_processed,4.709395254682265e-09,5.063387379756076e-05,13.539572913921386,74340,watch_data_08a_processed,1.558332054803663e-09,2.800390559744798e-05,10.051604093676566,103970,watch_data_08b_processed,1.6311951043315369e-09,2.577437799306696e-05,10.178407629436418,109620,watch_data_08c_processed,7.456324906848262e-10,2.0142927885543104e-05,6.22972903894214,171360,watch_data_08d_processed,8.385584146496992e-10,2.1954193424758425e-05,7.174758255818289,268380,watch_data_09_processed,9.166716531072132e-10,2.374390355404506e-05,8.946523839473427,39060,watch_data_10a_processed,4.591055798835107e-08,0.0001816192543206549,28.95047217233251,66780,watch_data_10_processed,2.156213775834763e-08,0.00013307053600840335,29.39317992790017,21420,watch_data_11b_processed,3.102370192307572e-08,0.00013442827349233622,46.73810460208885,122220,watch_data_11_processed,7.1453907509524035e-09,6.378809399801587e-05,14.244675478977575,40320
3,1,0,0,0,0,0,0,0,0,0,0,0,0,0,0,0,0,0,0,0,0,0,0,0,0,0,0,2.0,0,1.0,3.0,0,0,0,0,0,0,0,2.0,0,1.0,0,0,0,0,0,0,0,0,0,0,0,0,0,0,0,0,0,0,0,0,0,0,0,0,0,0,0,0,0,0,0,0,0,0,0,0,0,0,0,0,0,0,0,0,0,0,agg,7.706987474225461e-09,5.284226504179968e-05,15.514170091203265,1378966,watch_data_00_processed,5.1130322881343145e-09,5.340500897637086e-05,14.32416450715783,221760,watch_data_01_processed,3.0817203721917083e-09,4.307934307827974e-05,12.848453101734867,49140,watch_data_03_processed,2.6892386370583227e-09,3.539301692834681e-05,18.068682041655048,44520,watch_data_04_processed,1.7237525357141943e-09,2.8723325036589833e-05,23.959679137363622,14576,watch_data_05_processed,8.679218000808008e-09,7.655048133227513e-05,23.95127421301813,31500,watch_data_06_processed,4.3730506795839145e-09,5.015165791277912e-05,13.529078659271136,74340,watch_data_08a_processed,1.9164870192293707e-09,2.9522996714436862e-05,10.905948670507334,103970,watch_data_08b_processed,1.6811668187881339e-09,2.6210235765979447e-05,10.57955254916645,109620,watch_data_08c_processed,7.703673369091375e-10,2.0338499321311858e-05,6.286482043935168,171360,watch_data_08d_processed,8.826658364024984e-10,2.229380856021313e-05,7.310329756837229,268380,watch_data_09_processed,9.60149261568261e-10,2.4200819229074927e-05,9.005028827134774,39060,watch_data_10a_processed,4.681376156276783e-08,0.0001818365880498153,28.717701871267522,66780,watch_data_10_processed,2.254276579605898e-08,0.00013807711748832868,31.000153287437378,21420,watch_data_11b_processed,3.170475575470891e-08,0.0001354177367051219,47.20793749631657,122220,watch_data_11_processed,8.061489319112397e-09,6.85987562417328e-05,15.76489723585868,40320
3,1,0,0,0,0,0,0,0,0,0,0,0,0,0,0,0,0,0,0,0,0,0,0,0,0,0,0,2.0,0,2.0,2.0,0,0,0,0,0,0,0,2.0,0,1.0,0,0,0,0,0,0,0,0,0,0,0,0,0,0,0,0,0,0,0,0,0,0,0,0,0,0,0,0,0,0,0,0,0,0,0,0,0,0,0,0,0,0,0,0,0,0,agg,7.818021024378795e-09,5.315106356541132e-05,15.62728533131825,1378966,watch_data_00_processed,5.208468635422504e-09,5.34656613176407e-05,14.314575239195687,221760,watch_data_01_processed,3.155534937469258e-09,4.367120552231719e-05,13.130716290765426,49140,watch_data_03_processed,2.7272773286973514e-09,3.606664311507937e-05,19.759788612884556,44520,watch_data_04_processed,1.8092937369234921e-09,3.0191592055433586e-05,24.799178239576356,14576,watch_data_05_processed,8.594134394601401e-09,7.604249384973545e-05,23.80498010279005,31500,watch_data_06_processed,4.429307260938982e-09,5.0098838247977765e-05,13.504400692224621,74340,watch_data_08a_processed,1.993678341230905e-09,2.9926416932769066e-05,10.968239143227384,103970,watch_data_08b_processed,1.7540031342324688e-09,2.6575509428024083e-05,10.49751408986705,109620,watch_data_08c_processed,7.817588832410734e-10,2.0489537488912234e-05,6.31464929232257,171360,watch_data_08d_processed,9.040710669273249e-10,2.2518911741493403e-05,7.305659314400772,268380,watch_data_09_processed,9.668615669963476e-10,2.4412699821326166e-05,9.089838559241194,39060,watch_data_10a_processed,4.905781384322237e-08,0.0001851803240466207,29.224107107905766,66780,watch_data_10_processed,2.2150620494698395e-08,0.00013640659692343605,30.52507174728602,21420,watch_data_11b_processed,3.140833503167592e-08,0.00013532941394943544,47.4639118363867,122220,watch_data_11_processed,7.92953435967813e-09,6.856283916997355e-05,15.860643174776612,40320
3,1,0,0,0,0,0,0,0,0,0,0,0,0,0,0,0,0,0,0,0,0,0,0,0,0,0,0,3.0,0,1.0,2.0,0,0,0,0,0,0,0,2.0,0,1.0,0,0,0,0,0,0,0,0,0,0,0,0,0,0,0,0,0,0,0,0,0,0,0,0,0,0,0,0,0,0,0,0,0,0,0,0,0,0,0,0,0,0,0,0,0,0,agg,7.732909232595338e-09,5.28342174665063e-05,15.499713904312358,1378966,watch_data_00_processed,5.053865902808478e-09,5.3288528786826604e-05,14.296171772444637,221760,watch_data_01_processed,3.103170042589332e-09,4.3279546120607785e-05,12.89607447228989,49140,watch_data_03_processed,2.736825569821439e-09,3.578279845050914e-05,18.545521700199558,44520,watch_data_04_processed,1.735840005720591e-09,2.911764873536407e-05,24.61481977775618,14576,watch_data_05_processed,8.647660451930225e-09,7.637527617248678e-05,23.876433584304106,31500,watch_data_06_processed,4.2958127106154056e-09,4.9353528365904394e-05,13.309621106344819,74340,watch_data_08a_processed,1.887574441924478e-09,2.9359658485139945e-05,10.706671477294423,103970,watch_data_08b_processed,1.6129731555128155e-09,2.5838804179286017e-05,10.31548499676946,109620,watch_data_08c_processed,7.66404585102546e-10,2.0331189710939933e-05,6.284186647666533,171360,watch_data_08d_processed,8.775042958795368e-10,2.224713674153315e-05,7.28264456915972,268380,watch_data_09_processed,9.577464323755301e-10,2.4168836445323435e-05,9.03151362487407,39060,watch_data_10a_processed,4.7819436508648254e-08,0.0001836549590975342,29.05602282362187,66780,watch_data_10_processed,2.217503992514393e-08,0.00013642204920323687,30.461553146353648,21420,watch_data_11b_processed,3.176119456925918e-08,0.00013573987743058965,47.369467166696296,122220,watch_data_11_processed,8.029556276972842e-09,6.845047821593915e-05,15.702476629729127,40320
3,1,0,0,0,0,0,0,0,0,0,0,0,0,0,0,0,0,0,0,0,0,0,0,0,0,0,0,2.0,0,1.0,2.0,0,0,0,0,0,0,0,3.0,0,2.0,0,0,0,0,0,0,0,0,0,0,0,0,0,0,0,0,0,0,0,0,0,0,0,0,0,0,0,0,0,0,0,0,0,0,0,0,0,0,0,0,0,0,0,0,0,0,agg,7.628821800323525e-09,5.260933495460199e-05,15.388683694797592,1378966,watch_data_00_processed,5.046101866679413e-09,5.4406821661105115e-05,14.62722741575006,221760,watch_data_01_processed,3.2171012580884057e-09,4.370552938678605e-05,12.935719753679486,49140,watch_data_03_processed,2.7687234043094685e-09,3.658361465595987e-05,18.83031901694466,44520,watch_data_04_processed,1.7401101749433263e-09,2.899494293587633e-05,24.94852315993952,14576,watch_data_05_processed,8.356165928700461e-09,7.489789868042328e-05,23.397641328570558,31500,watch_data_06_processed,4.424859548248188e-09,4.9210131794691064e-05,13.304819039161844,74340,watch_data_08a_processed,1.6497213621966855e-09,2.8394874590106123e-05,10.213675106942471,103970,watch_data_08b_processed,1.506924949873032e-09,2.5161025257252322e-05,9.98886778490747,109620,watch_data_08c_processed,7.520169752105278e-10,2.0179338596716465e-05,6.241616838005204,171360,watch_data_08d_processed,8.483614796129759e-10,2.1972754458427104e-05,7.180695397903382,268380,watch_data_09_processed,9.279882400316222e-10,2.378042193346134e-05,8.951995034856846,39060,watch_data_10a_processed,4.8112998780029195e-08,0.000185505972208246,29.625313424529576,66780,watch_data_10_processed,2.1022513339409847e-08,0.00013105872939309055,28.944907324993995,21420,watch_data_11b_processed,3.12645275689245e-08,0.00013493269459362897,46.91049168270488,122220,watch_data_11_processed,7.143791649146769e-09,6.407712935681217e-05,14.33376511456813,40320
3,1,0,0,0,0,0,0,0,0,0,0,0,0,0,0,0,0,0,0,0,0,0,0,0,0,0,0,2.0,0,1.0,2.0,0,0,0,0,0,0,0,2.0,0,3.0,0,0,0,0,0,0,0,0,0,0,0,0,0,0,0,0,0,0,0,0,0,0,0,0,0,0,0,0,0,0,0,0,0,0,0,0,0,0,0,0,0,0,0,0,0,0,agg,7.546075191748434e-09,5.2854897825383896e-05,15.439134269852294,1378966,watch_data_00_processed,5.171603490454407e-09,5.597842100634321e-05,14.880405272526637,221760,watch_data_01_processed,3.3124959825975367e-09,4.4231420974087645e-05,13.178580312714141,49140,watch_data_03_processed,2.9121205474316454e-09,3.722520821915244e-05,19.110278348309667,44520,watch_data_04_processed,1.7739216947860595e-09,2.943266119420051e-05,25.70271670677299,14576,watch_data_05_processed,8.566692009639443e-09,7.641271648359789e-05,23.987341982529102,31500,watch_data_06_processed,5.049848873222995e-09,5.237266890413416e-05,13.895924754047892,74340,watch_data_08a_processed,1.450899955588254e-09,2.7729306815427524e-05,9.894765879717447,103970,watch_data_08b_processed,1.6706425041767584e-09,2.5928056207200637e-05,10.182992790371003,109620,watch_data_08c_processed,7.366972341889738e-10,2.0019673525132276e-05,6.195451415919904,171360,watch_data_08d_processed,8.208897171360466e-10,2.1844665388531193e-05,7.134721307461388,268380,watch_data_09_processed,9.071319895146708e-10,2.353190822293054e-05,8.85752205490098,39060,watch_data_10a_processed,4.486339481671095e-08,0.0001802993187900569,28.942336618820658,66780,watch_data_10_processed,2.160771290578668e-08,0.00013242171861655772,29.054191871772673,21420,watch_data_11b_processed,3.133378645432309e-08,0.0001349699089693449,46.87513564138425,122220,watch_data_11_processed,7.2170147573655735e-09,6.449916707175927e-05,14.307017662022837,40320
3,1,0,0,0,0,0,0,0,0,0,0,0,0,0,0,0,0,0,0,0,0,0,0,0,0,0,0,2.0,0,1.0,3.0,0,0,0,0,0,0,0,2.0,0,2.0,0,0,0,0,0,0,0,0,0,0,0,0,0,0,0,0,0,0,0,0,0,0,0,0,0,0,0,0,0,0,0,0,0,0,0,0,0,0,0,0,0,0,0,0,0,0,agg,7.49112161134528e-09,5.253743965569057e-05,15.37123015383844,1378966,watch_data_00_processed,5.172376998692622e-09,5.501482821473665e-05,14.619158831933268,221760,watch_data_01_processed,3.1839857325191344e-09,4.3582454164970826e-05,12.937976039286534,49140,watch_data_03_processed,2.7345634411436836e-09,3.599088882786763e-05,18.309668240280597,44520,watch_data_04_processed,1.70920885721352e-09,2.8875239773143066e-05,24.58204357287313,14576,watch_data_05_processed,8.51533590754718e-09,7.63098973089947e-05,23.86673357864022,31500,watch_data_06_processed,4.62206038527171e-09,5.0745035400699485e-05,13.609679118412538,74340,watch_data_08a_processed,1.568507539929413e-09,2.804519325767048e-05,10.185046520326518,103970,watch_data_08b_processed,1.6684191303019749e-09,2.6032795080277326e-05,10.414607857441577,109620,watch_data_08c_processed,7.38001551285302e-10,2.0061078723739495e-05,6.199890526341486,171360,watch_data_08d_processed,8.326152630618187e-10,2.194461306986363e-05,7.20073297830576,268380,watch_data_09_processed,9.189776193118894e-10,2.380755378360642e-05,8.977484743244956,39060,watch_data_10a_processed,4.4702998725423493e-08,0.0001794859803568933,28.57766196355894,66780,watch_data_10_processed,2.208483449798036e-08,0.0001359487648366013,30.291509996996425,21420,watch_data_11b_processed,3.091871652851146e-08,0.00013397462827333226,46.57785604028635,122220,watch_data_11_processed,7.416322050558921e-09,6.4660998817791e-05,14.520980105970313,40320
3,1,0,0,0,0,0,0,0,0,0,0,0,0,0,0,0,0,0,0,0,0,0,0,0,0,0,0,2.0,0,2.0,2.0,0,0,0,0,0,0,0,2.0,0,2.0,0,0,0,0,0,0,0,0,0,0,0,0,0,0,0,0,0,0,0,0,0,0,0,0,0,0,0,0,0,0,0,0,0,0,0,0,0,0,0,0,0,0,0,0,0,0,agg,7.673728340134018e-09,5.302403984971906e-05,15.510454807641583,1378966,watch_data_00_processed,5.253566618274279e-09,5.526659127735691e-05,14.71406909277711,221760,watch_data_01_processed,3.1455572831222436e-09,4.355010551214218e-05,13.001429856236395,49140,watch_data_03_processed,2.828789504129521e-09,3.6712528564315665e-05,19.94448637407705,44520,watch_data_04_processed,1.840569335157766e-09,3.018740986324552e-05,24.875514851645914,14576,watch_data_05_processed,8.552292362556708e-09,7.631770876402117e-05,23.87755140399005,31500,watch_data_06_processed,4.466382781717207e-09,4.963536299897768e-05,13.298375543426916,74340,watch_data_08a_processed,1.6745841473930759e-09,2.8438551496264947e-05,10.166886068134898,103970,watch_data_08b_processed,1.7558528100192836e-09,2.6603526331873744e-05,10.416255878994145,109620,watch_data_08c_processed,7.524784204877544e-10,2.023523619203237e-05,6.240764597227415,171360,watch_data_08d_processed,8.57956245749174e-10,2.2158616847725866e-05,7.186630966711922,268380,watch_data_09_processed,9.241977866563759e-10,2.389925270577744e-05,8.990036048572023,39060,watch_data_10a_processed,4.7595665333399626e-08,0.00018391187393730662,29.187312399495852,66780,watch_data_10_processed,2.18941704274093e-08,0.00013473881368502956,30.02287883182227,21420,watch_data_11b_processed,3.1012372452435594e-08,0.00013470517427507773,46.95249839102319,122220,watch_data_11_processed,7.648408158305837e-09,6.700487448743385e-05,15.285192260382669,40320
3,1,0,0,0,0,0,0,0,0,0,0,0,0,0,0,0,0,0,0,0,0,0,0,0,0,0,0,3.0,0,1.0,2.0,0,0,0,0,0,0,0,2.0,0,2.0,0,0,0,0,0,0,0,0,0,0,0,0,0,0,0,0,0,0,0,0,0,0,0,0,0,0,0,0,0,0,0,0,0,0,0,0,0,0,0,0,0,0,0,0,0,0,agg,7.542161297922059e-09,5.261282074280174e-05,15.372032112749439,1378966,watch_data_00_processed,5.137171816539169e-09,5.511555443918352e-05,14.680754628056963,221760,watch_data_01_processed,3.2189443870685616e-09,4.3750556866096874e-05,12.989589686688335,49140,watch_data_03_processed,2.8237895178199214e-09,3.662161212301588e-05,18.83314584484885,44520,watch_data_04_processed,1.7398286511212253e-09,2.8991880922978414e-05,24.94050375404279,14576,watch_data_05_processed,8.404856270990278e-09,7.533476262751322e-05,23.561225700280655,31500,watch_data_06_processed,4.709395753740735e-09,5.063420902758498e-05,13.539863926293682,74340,watch_data_08a_processed,1.5583327643226027e-09,2.8003579925619573e-05,10.051435766767515,103970,watch_data_08b_processed,1.63106457477206e-09,2.5773619753390503e-05,10.178035636816636,109620,watch_data_08c_processed,7.456410143096541e-10,2.0142778978174603e-05,6.229615222050822,171360,watch_data_08d_processed,8.385568778799999e-10,2.1953794173075492e-05,7.174591851476306,268380,watch_data_09_processed,9.167181511101703e-10,2.3745630622657454e-05,8.946877501984012,39060,watch_data_10a_processed,4.591102335940447e-08,0.00018162199820654886,28.951050152226387,66780,watch_data_10_processed,2.156190987247977e-08,0.00013306990768596324,29.393098200425694,21420,watch_data_11b_processed,3.102367610401016e-08,0.00013442804411362025,46.73806754338493,122220,watch_data_11_processed,7.1454487449912e-09,6.378855820932541e-05,14.244784463528179,40320
3,1,0,0,0,0,0,0,0,0,0,0,0,0,0,0,0,0,0,0,0,0,0,0,0,0,0,0,2.0,0,1.0,3.0,0,0,0,0,0,0,0,3.0,0,2.0,0,0,0,0,0,0,0,0,0,0,0,0,0,0,0,0,0,0,0,0,0,0,0,0,0,0,0,0,0,0,0,0,0,0,0,0,0,0,0,0,0,0,0,0,0,0,agg,7.525894652616676e-09,5.2404443873161725e-05,15.3408425399626,1378966,watch_data_00_processed,5.0493153748729925e-09,5.4099916055495434e-05,14.469643160124487,221760,watch_data_01_processed,3.187288283872956e-09,4.361801500881834e-05,12.919863101895807,49140,watch_data_03_processed,2.6632336673744217e-09,3.587150927710392e-05,18.2790391370063,44520,watch_data_04_processed,1.7187980887701128e-09,2.8929472248902307e-05,24.633684499183666,14576,watch_data_05_processed,8.493689564454992e-09,7.575963825608465e-05,23.63141255762163,31500,watch_data_06_processed,4.373156071984831e-09,4.9544307385274866e-05,13.405082902420185,74340,watch_data_08a_processed,1.6468561339981417e-09,2.8387220298162932e-05,10.294130181229605,103970,watch_data_08b_processed,1.518740740195329e-09,2.5237609492793288e-05,10.165128878983674,109620,watch_data_08c_processed,7.487560262225941e-10,2.0131547031590416e-05,6.222021835039484,171360,watch_data_08d_processed,8.462956822285158e-10,2.1969373370864695e-05,7.216292596761891,268380,watch_data_09_processed,9.248483882967177e-10,2.383875318794163e-05,8.984110684952238,39060,watch_data_10a_processed,4.614533100423158e-08,0.00018202305504192869,28.986397220751357,66780,watch_data_10_processed,2.1532224698000858e-08,0.0001338348960473078,29.786786130039932,21420,watch_data_11b_processed,3.1027996048715006e-08,0.00013403168622620412,46.55071007685829,122220,watch_data_11_processed,7.465425138818826e-09,6.539052233796296e-05,14.768731202679602,40320
3,1,0,0,0,0,0,0,0,0,0,0,0,0,0,0,0,0,0,0,0,0,0,0,0,0,0,0,2.0,0,1.0,3.0,0,0,0,0,0,0,0,2.0,0,3.0,0,0,0,0,0,0,0,0,0,0,0,0,0,0,0,0,0,0,0,0,0,0,0,0,0,0,0,0,0,0,0,0,0,0,0,0,0,0,0,0,0,0,0,0,0,0,agg,7.485876457797523e-09,5.280703576808009e-05,15.431112005744799,1378966,watch_data_00_processed,5.1912449459749295e-09,5.5966377152928076e-05,14.821252062718532,221760,watch_data_01_processed,3.2792356256375484e-09,4.401765466015467e-05,13.11807624654224,49140,watch_data_03_processed,2.8678069081308943e-09,3.677320307240192e-05,18.651932782838454,44520,watch_data_04_processed,1.7368735715856488e-09,2.913699326975851e-05,25.22028136265439,14576,watch_data_05_processed,8.549028774012932e-09,7.669531228148147e-05,24.076589140880525,31500,watch_data_06_processed,5.081187331358775e-09,5.306439872657161e-05,14.053698811909252,74340,watch_data_08a_processed,1.4547485790910837e-09,2.7674557885928626e-05,9.989164263647348,103970,watch_data_08b_processed,1.7135209972287324e-09,2.6196181524052793e-05,10.399790552685138,109620,watch_data_08c_processed,7.260955705504414e-10,1.9950352911609086e-05,6.163454987385803,171360,watch_data_08d_processed,8.209260345345576e-10,2.1841657962945574e-05,7.161197783052313,268380,watch_data_09_processed,9.119902454280793e-10,2.3698346550290152e-05,8.93284718317517,39060,watch_data_10a_processed,4.347975364496845e-08,0.00017812043518019367,28.550958195880867,66780,watch_data_10_processed,2.2192194052529314e-08,0.00013546780222844693,29.988225481217434,21420,watch_data_11b_processed,3.1228794787254797e-08,0.00013478603719985818,46.73978286939986,122220,watch_data_11_processed,7.322050144168077e-09,6.441235802744709e-05,14.367853912425613,40320
3,1,0,0,0,0,0,0,0,0,0,0,0,0,0,0,0,0,0,0,0,0,0,0,0,0,0,0,2.0,0,1.0,4.0,0,0,0,0,0,0,0,2.0,0,2.0,0,0,0,0,0,0,0,0,0,0,0,0,0,0,0,0,0,0,0,0,0,0,0,0,0,0,0,0,0,0,0,0,0,0,0,0,0,0,0,0,0,0,0,0,0,0,agg,7.491207698498668e-09,5.260600941532352e-05,15.404930875599023,1378966,watch_data_00_processed,5.225532529160505e-09,5.521893205221863e-05,14.655990817700863,221760,watch_data_01_processed,3.1959389137047777e-09,4.3614223593135265e-05,12.957275264840625,49140,watch_data_03_processed,2.699474063034308e-09,3.58285877354747e-05,18.27393616839003,44520,watch_data_04_processed,1.6965816718300674e-09,2.876809751898097e-05,24.300737706233296,14576,watch_data_05_processed,8.680514420097752e-09,7.718875496190475e-05,24.180078625321343,31500,watch_data_06_processed,4.588389646574196e-09,5.104794504647117e-05,13.744260060681768,74340,watch_data_08a_processed,1.5865119788532051e-09,2.8169976490974954e-05,10.332661047998608,103970,watch_data_08b_processed,1.703631508050319e-09,2.6225549435626106e-05,10.5203113575637,109620,watch_data_08c_processed,7.323193986888282e-10,2.0046649599867726e-05,6.190918468262177,171360,watch_data_08d_processed,8.313103308214698e-10,2.1968703036299282e-05,7.227145642707853,268380,watch_data_09_processed,9.233668133370459e-10,2.388849587696706e-05,8.96550543399997,39060,watch_data_10a_processed,4.43178726741064e-08,0.00017874294478386745,28.437600313772233,66780,watch_data_10_processed,2.247873185181646e-08,0.0001376685319607843,30.826658551583115,21420,watch_data_11b_processed,3.089977216570522e-08,0.0001337900095775378,46.47215337871241,122220,watch_data_11_processed,7.461141930167213e-09,6.467106946097883e-05,14.569674581036828,40320
3,1,0,0,0,0,0,0,0,0,0,0,0,0,0,0,0,0,0,0,0,0,0,0,0,0,0,0,2.0,0,2.0,3.0,0,0,0,0,0,0,0,2.0,0,2.0,0,0,0,0,0,0,0,0,0,0,0,0,0,0,0,0,0,0,0,0,0,0,0,0,0,0,0,0,0,0,0,0,0,0,0,0,0,0,0,0,0,0,0,0,0,0,agg,7.611577753170801e-09,5.293544788842824e-05,15.501988422551278,1378966,watch_data_00_processed,5.333206620678807e-09,5.525007237268519e-05,14.663803400518566,221760,watch_data_01_processed,3.1120802196051995e-09,4.3383162585809244e-05,12.994062877956535,49140,watch_data_03_processed,2.790780372383845e-09,3.627779808438155e-05,19.148347770191574,44520,watch_data_04_processed,1.7706822254486225e-09,2.9617352968349798e-05,24.832386682937578,14576,watch_data_05_processed,8.595067363039254e-09,7.688169797566138e-05,24.07175242089373,31500,watch_data_06_processed,4.450037239726771e-09,5.0098634119200075e-05,13.435133641835629,74340,watch_data_08a_processed,1.682440869886615e-09,2.843213753550704e-05,10.272825815297356,103970,watch_data_08b_processed,1.9016339015774154e-09,2.7293288700358813e-05,10.689521061023653,109620,watch_data_08c_processed,7.45959915587148e-10,2.0171610669740118e-05,6.223914069318812,171360,watch_data_08d_processed,8.500604475565664e-10,2.2155591746486322e-05,7.204892913859136,268380,watch_data_09_processed,9.280863255983574e-10,2.397105198039768e-05,9.019295283114355,39060,watch_data_10a_processed,4.593135303546431e-08,0.00018083809439652592,28.645910413068336,66780,watch_data_10_processed,2.264281227829818e-08,0.00013820921560535324,31.00884981677613,21420,watch_data_11b_processed,3.0827068633882814e-08,0.00013419962612147492,46.89319108664356,122220,watch_data_11_processed,7.769951253679261e-09,6.68025947089947e-05,15.230141499615394,40320
3,1,0,0,0,0,0,0,0,0,0,0,0,0,0,0,0,0,0,0,0,0,0,0,0,0,0,0,3.0,0,1.0,3.0,0,0,0,0,0,0,0,2.0,0,2.0,0,0,0,0,0,0,0,0,0,0,0,0,0,0,0,0,0,0,0,0,0,0,0,0,0,0,0,0,0,0,0,0,0,0,0,0,0,0,0,0,0,0,0,0,0,0,agg,7.491203651145424e-09,5.253770439151437e-05,15.371244974315125,1378966,watch_data_00_processed,5.172358011882393e-09,5.501492513032106e-05,14.61925319109311,221760,watch_data_01_processed,3.184116413178953e-09,4.3584208709808714e-05,12.938470411041417,49140,watch_data_03_processed,2.734617557938733e-09,3.5991599498727165e-05,18.3097974623154,44520,watch_data_04_processed,1.7092203176130121e-09,2.8875265912001464e-05,24.582050830925198,14576,watch_data_05_processed,8.515304120876622e-09,7.630970290687831e-05,23.866713725543015,31500,watch_data_06_processed,4.6220458634689675e-09,5.074479856543808e-05,13.609575414646761,74340,watch_data_08a_processed,1.5685322390744765e-09,2.8046079415215925e-05,10.18518580533981,103970,watch_data_08b_processed,1.6684143639088941e-09,2.6032626567536337e-05,10.414707068441178,109620,watch_data_08c_processed,7.380045251037789e-10,2.006083901649549e-05,6.199731894059737,171360,watch_data_08d_processed,8.326095137384643e-10,2.1944376250552705e-05,7.200511798303373,268380,watch_data_09_processed,9.190258625796184e-10,2.3808896531515618e-05,8.97783242277828,39060,watch_data_10a_processed,4.4704678256966555e-08,0.00017948980101677148,28.578209012655847,66780,watch_data_10_processed,2.2084973175169024e-08,0.000135949410367258,30.291615971253155,21420,watch_data_11b_processed,3.0918657068286744e-08,0.00013397429411362026,46.57775350643863,122220,watch_data_11_processed,7.41631373368052e-09,6.466098532572751e-05,14.520956056653459,40320
